Id,labels
CG03756865677_s2,0 8
CG73173867713_s3,0 1
CG80227502825_s6,2 6 10 12 15 21
CG33982332088_s5,0 3 4 5 17
CG32255191624_s6,
CG5389790454_s2,0 8
CG89718512020_s4,0 1 3
CG46452609786_s4,0 3
CG29118229832_s6,2 6 7 9 14
CG9295674800_s2,0 1
CG28944281355_s3,0 1 22 26
CG9023990020_s3,0 1
CG9419509558_s2,8
CG41803140258_s4,0 1
CG01766461802_s6,10 15 21
CG4834275524_s2,0 8
CG1494409512_s4,0 3 19
CG7193602820_s4,0 1
CG3417794437_s6,21
CG4725581071_s6,11
CG99044430466_s2,0 8
CG1468130164_s6,0 1 2 12
CG9299565472_s6,0 6 7 10 12 14 15 21
CG8440273379_s6,2 6
CG9368537942_s6,2 9 10 12
CG11198714297_s2,0 8
CG88712378616_s5,0 3 5 16 17
CG2347248861_s2,0 1
CG4855684877_s3,
CG0913844139_s6,10 15 21
CG1884262956_s2,0 8
CG49562968093_s5,13 16
CG8040524700_s4,0 1 3
CG36370514004_s5,
CG9838808651_s5,1 4 5 17
CG6782182757_s6,1 2 9 12
CG6887392187_s6,6 9 12 21 24
CG98217739847_s6,11
CG45274881077_s3,0 1
CG8326986205_s6,12 24
CG5566877597_s3,0 1 22 25
CG86638396985_s3,22 25
CG8995181628_s3,1 22 25
CG42371672211_s5,17
CG31927509523_s6,10 12 15 21
CG9027204233_s6,10 15 21
CG6751181360_s5,1 16
CG2493436990_s5,16
CG9232518149_s6,6 7 14
CG50642446835_s6,10 21
CG17037262262_s4,0 3 18 19 20
CG3620170005_s6,0 2 6 7 9 12 24
CG0025275875_s6,0 1
CG17542762314_s4,3
CG2173815576_s3,22 25
CG23091506368_s4,1 3
CG80446550620_s6,6 10 15 21 28
CG9909481951_s3,0 22 25
CG6168428371_s5,1 16
CG16157646390_s6,2 9 12 24
CG6740673009_s4,0 3
CG9304850739_s5,0 3 4 5 16 17 23
CG3370127827_s2,0
CG1986245419_s3,0 22 25
CG70899304911_s5,3 4 5 17
CG9090897668_s4,3
CG2446183376_s4,19
CG1150761965_s6,6
CG9912219693_s6,2
CG5051896822_s4,0
CG55866220382_s3,0 1
CG91534158974_s4,
CG7021610564_s6,6 7 14
CG8791817311_s4,0 1
CG9218682773_s5,11
CG7034345268_s2,0 8
CR64458994650_s2,0 8
CG8065434714_s5,1 3 16
CG4245202985_s5,13 16 17
CG6989401207_s2,1 8
CG82484229102_s6,6 7 10 12 14 21
CG0173968548_s2,0 8
CG96991845493_s6,10 21
CG6326698748_s6,1 2 6 7 14
CG4028944500_s2,
CG3789790297_s6,6 7 14
CG54291320842_s2,0 8
CG92034714343_s5,3 16
CG4415376808_s5,0 1 3 5 16
CG4645792484_s2,8
CG11625394787_s6,2
CG88740893991_s2,0 8
CG6420234650_s6,6 7 14
CG0311712358_s6,10 21
CG1791876983_s6,0 1 2 6 12
CG9759166019_s5,1 3 16
CG57394309395_s5,0 1
CG11102935623_s5,0 1 5
CG28347813104_s4,0
CG1138493785_s6,10 21
CG8045294020_s6,6 7 10 14 21
CG0181142207_s2,0 8
CG66646190100_s5,16
CG8724130568_s2,0 8
CG94580656096_s2,1 8
CG25316275620_s3,
CG5466200293_s6,6 7 10 14 21
CG63907314901_s5,1 3 5 17
CG3808970514_s6,1 2 9 12 24
CG1851590938_s6,2 6 7 12 14 24
CG2199145010_s5,0 3 4 5 16 17
CG9443227332_s3,0 1
CG51809143827_s4,3
CG2006640168_s6,10 21
CG8817975616_s5,17
CG3987668340_s3,1 25
CG8417812950_s2,0 8
CG66992134039_s6,1 6 7 14
CG95668812079_s2,0 1
CG4415230589_s6,0 1
CG89309814219_s2,0 8
CG35151329065_s4,1 3 19
CG96956540711_s6,2 11
CG8359240254_s2,8
CG5006945097_s6,6 7 14
CG0927896745_s6,12 24
CG5956278665_s5,1 3 5 16 17
CG41828582773_s5,3 16
CG9834302261_s2,0 8
CG5994891761_s3,1
CG9238188297_s5,0 16
CG2811602030_s2,0
CG9110113700_s3,22 25
CG6945620029_s5,0 1 3 4 5 17
CG01794343175_s2,0 1
CG4172422409_s5,1 16
CG5935502869_s4,0 1
CG00899567104_s6,10 21
CG9972896000_s4,1
CG26132923534_s6,6 7 14
CG8306916401_s3,0 1
CG5071499114_s6,10
CG4504927368_s5,3 5 11 17
CG0758381829_s5,3 4 5 17
CG5085556718_s5,3 4 5 17 23
CG5529492669_s2,0 8
CG2606135087_s6,6 7 10 14 21
CG0331338571_s5,0 1 16
CG1616880612_s6,6 7 14
CG78022929469_s5,11 17
CG7807880880_s6,1 2 12 24
CG6596209948_s2,0 1
CG3099314883_s6,6 7 12 14
CG00992282013_s6,2 9
CG1803859501_s4,3 29
CG9411826695_s6,0 2 6 7 12 14
CG9041713835_s2,0 8
CG0098790018_s2,0 1 8
CG43966256934_s3,0 22 25
CG32106181030_s2,0 8
CG8767387418_s2,0 8
CG0931975021_s4,3
CG2568876504_s6,11
CG03596901718_s5,1 3 4 5 17 23
CG9927630605_s4,1 3 19
CG96326414462_s6,0 1 6
CG7065791285_s3,0 22 25 26
CG84218577537_s5,0 3 4 5 16 17
CG0558364052_s5,13 16 17
CG3065261088_s5,1 5
CG65948995754_s6,2
CG29674621405_s5,1 3 4 5
CG33981288526_s6,2 6 12
CG2390139903_s4,1 3
CG2218315798_s4,0 3 19 20
CG48196447388_s6,0 2 6 7 9 12 14 24
CG4726417912_s5,0
CG27503558292_s5,4 5 17
CG30624426330_s5,0 3 5 13 16
CG6800647857_s5,0 3 4 5 16 17 23
CG7230685055_s6,2 9 12 28
CG2347797762_s5,0 1 5 16
CG5663860651_s3,0
CG0438467164_s6,
CG7089144816_s4,0 3
CG1951873701_s3,22 25
CG52298858176_s6,6 14
CG56288716722_s6,10 15 21
CG2362888453_s4,0 1
CG30804445949_s3,0 25
CG5017314596_s4,0 3
CG66261240337_s2,0 8
CG3430730939_s6,0 1 2 6 7 14
CG2908455565_s6,0 2 10 12
CG6017189832_s3,0 1
CG7047942639_s5,13 16 17
CG88440760964_s6,2 12
CG7143239752_s6,2
CG4362800964_s5,0 11
CG02010298113_s6,2 9 12 24
CG9507666037_s5,17
CG1959390940_s6,6 10 12 14 15 21
CG7323773769_s5,3 4 5 17
CG74562764945_s5,13 16
CG4131455696_s6,11
CG63971969594_s5,16
CG8740846922_s5,0 3 4 5 16 17
CG4273659996_s2,0
CG7909359658_s5,0 1 3 4 5 17
CG64635814692_s5,1 3 16 17
CG88338374617_s6,2
CG46357700081_s4,3
CG4542205681_s6,2 9 12 24
CG6474436974_s2,0 1
CG7103672280_s2,0
CG69114290389_s5,1 16
CG45025229154_s2,0
CG9634771336_s5,11
CG7027324675_s3,0 22 25
CG11677573848_s3,0 1
CG0730706625_s6,11
CG0150357594_s2,0
CG87742766562_s2,0 8
CG6907743385_s4,0 3 18 19 20
CG1250828459_s5,0 1 3 17
CG6093838474_s3,0
CG6963660581_s6,
CG7205687379_s6,0 1 2 9 12 24
CG2539468041_s3,0
CG7995519335_s6,6 7 14
CG9456414796_s6,6 10 12 15 21 28
CG03953461502_s6,0 2 6 7 12 14 24
CG56590100111_s2,0 8
CG3295318763_s6,9 12 24
CG37803801681_s4,1 3
CG83362122345_s6,10 15 21
CG50907921743_s4,0 1 3 19
CG57729743050_s3,0 1 22 25
CG7389856543_s5,0 1 3 4 5 17
CG3661220412_s6,2 6
CG5695175482_s3,0 1
CG3422858552_s6,2 12 24
CG6473671552_s5,1 3 4 5 17
CG4453976907_s6,9 10 15 21 28
CG3181213115_s5,0 1 3 4 5 17
CG23172325414_s5,0 17 23
CG8872320261_s5,0 1 3 4 5 17
CG2344857772_s6,6 7 14
CG8582366415_s4,0 3 18 19 20
CG0408293707_s6,6 7 14
CG03649425065_s4,0 3 18 19 20
CG1577239419_s3,0 22 25
CG7326993015_s5,0 1 3 5 17 23
CG39793552045_s6,10 15 21
CG1352691704_s2,0 1
AT98958396238_s6,0 2 6 9 12 24
CG22893328162_s5,3 4 5 16 17
CG77304117969_s5,0 3 4 5 16 17
CG5874420300_s3,0 25
CG4417570684_s3,0 1
CG6676662868_s2,0 8
CG9362872757_s6,2 12
CG7359303610_s3,0 25
CG0524506780_s2,8
CG97940770089_s6,1 2 12
CG63704684638_s3,
CG39345217309_s5,11
CG43714482431_s2,0 8
CG82339315833_s4,
CG4338318818_s5,0 3 4 5 16 17
CG63446445292_s2,0
CG81390554079_s6,10 21
CG7782685248_s3,0 22 25
CG79048219035_s3,0
CG9914788664_s5,17
CG8936836823_s3,11
CG3893323435_s4,0 1 3
CG45804301612_s5,17
CG75482458186_s4,0 3
CG53314926759_s5,3 16
CG2011607809_s2,0 8
CG3299754629_s5,0 1 3
CG0460851965_s6,10 15 21
CG5285335928_s6,6 12 24
CG17357891632_s6,10 15 21
CG2083256590_s6,0 6 7 14
CG7754248965_s6,6 14
CG1937176528_s2,
CG3117781995_s6,9 10 15 21 28
CG5024329863_s6,2 12 24
CG85243451046_s6,12 24
CG84444611195_s4,3 29
CG0129338129_s2,0 8
CG9432991040_s4,0 1 3 18 19 20
CG5670460498_s5,11 16 17
CG0440454654_s5,0 3 4 5 16 17
CG9553237591_s5,3 5 17
CG4944508481_s3,11 22 25
CG4403757370_s3,0 22 25
CG0922191373_s5,0 16
CG8998721765_s2,0 8
CG89600314627_s3,0 1
CG5468671369_s2,0 8
CG6654719921_s6,0 2 6 7 12 14
CG9685248049_s6,6 21
CG7207729951_s3,0 1
CG88453771210_s4,0 3 18 19 20
CG19269531404_s6,6 7 14
CG75975167152_s4,0 1
CG7433205612_s4,0 1 3 19
CG1383608634_s6,0 2 6 7 10 12 24
CG44722747950_s4,0 1
CG7485690430_s5,1 13 16
CG6112330087_s6,0 1 2 6
CG5527330972_s5,3 13 16
CG4296376594_s3,0
CG1801804456_s6,9 12
CG5538553290_s4,0
CG66360217115_s6,12 24
CG48673408226_s4,1 3 29
CG0913796665_s6,2
CG4162602712_s5,4 5 13 16 17
CG3213643251_s4,3 18 20
CG6769140646_s5,4 5 16 17
CG7475609280_s5,11
CG71824792960_s4,29
CG86766706678_s5,0 3 16
CG28796476153_s2,1 8
CG3225381761_s6,0 1 2 9 12 28
CG2773120851_s4,
CG0776733857_s4,11
CG1803355552_s2,0 8
CG0718654029_s3,0
CG66477508633_s6,1 12 24
CG65760237468_s4,11
CG63495749236_s2,1
CG3127606746_s6,0 2 9 12 24
CG4122708271_s5,13 16
CG25412500567_s6,9 10 15 21 28
CG93246660440_s4,0 1
CG3303594515_s3,0 22 25
CG43527756662_s6,6 7 14
CG67161616263_s2,
CG0069979178_s5,4 5 17
CG99952988523_s2,0
CG1451188050_s4,0 1
CG90557930302_s6,9 10 15 21 28
CG9064716074_s3,22 25
CG3789503571_s3,1 25
CG6546628803_s5,3 11
CG2148310820_s5,3 16
CG5169399284_s5,1 3 4 5 17
CG9892790108_s4,1 3 19
CG7835103249_s4,0 3
CG3839247606_s6,6 10 21
CG6074844639_s6,1 12
CG5039609930_s6,11
CG9673916784_s4,0 1
CG6251950470_s6,0 1
CG9672140638_s2,0 8
CG4142551413_s3,0 22 25
CG36824651077_s2,0 1
CG6136718243_s5,0 1 3 4 5 17
CG59023528331_s2,0 8
CG2363271977_s3,0
CG2693254112_s6,2 9
CG8704341143_s6,10 21
CG0512627678_s5,3 4 5
CG8975136333_s5,1 5 13 16
CG42900292499_s6,10 21
CG5024303979_s5,17 23
CG8171961636_s5,3 4 5 17
CG5596596924_s6,1
CG9080907411_s4,11
CG33100366897_s5,3 4 5 17
CG4592510109_s5,4 5 17
CG71126181643_s5,3 5 13 16 17
CG28088366061_s5,0 1
CG1861559533_s6,0 1 2 12
CG55074858056_s6,0 2 6 7 12 14 24
CG7066132885_s5,0 3 16
LP54679843765_s6,0 1
CG0340636599_s6,9 10 15 21 28
CG14120986285_s5,3 11
CG11981302353_s6,2 11
CG89410795698_s6,2 9 12 24
CG42714244913_s2,0 8
CG1367161044_s6,10 15 21
CG1706659100_s6,6 10 21
CG2398885524_s4,3 29
CG67856888510_s6,2 12
CG41239629021_s5,0 3 4 5 16 17
CG09222281700_s2,0 8
CG5536968855_s6,0 2 6 9 10 12 24
CG0887206018_s5,17
CG5191472736_s5,3 5 17
CG95563915718_s5,3 4 5 17 23
CG7180118810_s2,0 8
CG0791878813_s5,0 3 4 5 16 17
CG3031519804_s5,0 4 5 13 16 17
CG9841119334_s5,0 1 3 4 5 17
CG5799488591_s5,3 4 5
CG5964329812_s3,0 1
CG2105884754_s3,0
CG5452398970_s5,16
CG8565967900_s4,0 3
CG2504488507_s5,1 16 17
CG1781540204_s6,1 2 12
CG58802888043_s5,
CG42681264673_s5,0 16
CG40894770567_s2,0 1
CG7351259895_s6,2 6
CG68342540802_s5,16 17
CG9874279501_s6,9 10 15 21 28
CG21771836042_s6,2 12
CG9881339246_s6,0 1 2 6 7 12
CG44080132082_s6,
CG09794829817_s6,2 9 12 24
CG8267282091_s2,0 1
CG9894926447_s6,0 1 6 7 14
CG9034401956_s3,22 25
CG37660559304_s5,3 4 5 11
CG3210790658_s3,
CG0451233590_s5,13 16
CG6970830051_s2,0
CG2935823130_s5,1 5 13 16 17
CG30933630550_s3,0 1
CG54095652747_s5,3 4 5 13 16 17
CG3468742639_s5,0 1 3 4 5 16
CG6521360611_s6,1 2 12
CG8283388698_s3,0 22 25
CG66125596629_s2,0 1
CG25525559209_s2,0 8
CG35238798044_s6,0 2 9 12 24
CG9907920572_s6,6 7 14
CG7918507102_s6,11
CG73915301329_s6,9 10 12 15 21 28
CG11684152084_s4,0 3
CG9900325593_s2,8
CG2408272111_s2,0
CG1613150302_s5,1 3 11
CG96393157250_s6,6 7 14
CG9202122398_s4,3 19 20
CG5739925079_s5,0 1 3 4 5 17
CG00368790003_s2,0 8
CG5378429048_s3,0 22 25
CG53350757025_s2,8
CG18719320692_s5,0 1 17
CG19094239216_s2,11
CG60810525539_s2,0 8
CG70020378061_s6,9 10 15 21 28
CG0884245108_s2,0 8
CG2113325819_s6,2
CG30114879917_s4,0 1 3
CG8547827339_s5,3 4 5 17
CG43874939223_s4,3 18 19 20
CG2213959782_s5,0 1 16
CG1261215956_s6,9 10 15 21 28
CG3171210680_s5,4 5 13 16 17
CG64132758341_s3,0 22 25
CG8299814525_s5,3 16 17
CG8698316139_s3,1
CG3193609087_s6,0 1 2
CG3840320995_s5,0 1 5
CG2668463545_s4,23
CG1224367664_s4,1
CG0833926751_s5,1 13 16
CG47871530264_s4,11 19
CG9264671104_s6,0 6 10 12 21
CG6234651588_s3,0 22 25
CG3321821186_s2,0
CG2412656981_s2,0 8
CG4032945492_s2,0 8
CG1383724669_s3,0
CG5473494870_s4,0 3
CG6692516997_s6,6 7 14
CG3389718067_s2,0 8
CG0228718171_s6,0 2 6 9 10 12 21 24 28
CG6407366850_s5,0 3 16
CG15338309048_s6,10 12 15 21
CG94908281888_s6,12 24
CG53575258633_s5,3 5 13 16
CG2568226487_s5,1 16
CG1520582842_s4,1
CG2007467640_s4,0 3
CG87881158843_s6,6 7 14
CG9947772623_s3,0 22 25
CG4701760459_s6,10 15 21 28
CG7880393921_s6,2 9 12 24
CG7626710675_s2,0 8
CG43366212092_s2,0 8
CG6683630943_s6,2 12
CG5435973694_s4,3 23 29
CG2261908249_s2,0
CG0001950119_s6,1 2 9 12 24
CG0805965763_s6,1 2 9 12 24
CG82913563093_s5,0 3 16 17
CG2265254394_s5,0 3 5 16
CG97577145133_s6,6 12 24
CG4517422062_s6,2 9 12 24
CG0968362243_s6,6 7 14
CG25441833705_s3,11
CG87166498667_s2,0
CG4573547194_s6,11
CG8426992577_s5,1 16
CG4428369862_s4,0 1
CG8694240493_s2,0 8
CG70765402439_s5,1 3 11 16 17 27
CG62352158551_s4,0 3 19
CG0745380083_s4,0 3
CG26554194675_s6,10 15 21 28
CG35844938467_s4,0 1 3
CG8723532612_s5,3 4 5
CG7676817067_s4,0 29
CG53581313167_s6,21
CG82026344397_s6,1 2 6 7 12 14 24
CG9209687000_s4,
CG0765638402_s4,0 1 3 19
CG9868898607_s6,11
CG11800317841_s6,1 2 9 12 24
CG40908899006_s4,0 3 18 19 20
CG55802898516_s2,0 8
CG8537869753_s4,0 3 19
CG26012838686_s2,0
CG32063275135_s6,6 7 14
CG9973863224_s2,1 8
CG1398252393_s3,0 1 22 25 26
CG9350402700_s3,0 22 25
CG5472332662_s2,8
CG96406687739_s5,1 3 4 5 11
CG3313204402_s6,10 15 21
CG4163818167_s5,0 1
CG7445875326_s4,0 29
CG9395233829_s3,0 22 25 26
CG6419670979_s3,0 1
CG7603833486_s2,0 8
CG5035591673_s5,1 3 4 5 17
CG88856479939_s6,2
CG76968985599_s6,1 2 9 12 24
CG37420262979_s5,1 4 5 17
CG5889419939_s6,6 7 14
CG4337431229_s6,6 7 14
CG1397914189_s2,0 8
CG1417904309_s2,0 8
CG7664355183_s6,0 1 2 6 7 14
CG4620556537_s3,0 22 25 26
CG72760970136_s2,0 8
CG0747490381_s6,1 2 9 12 24
CG9732928981_s5,0 3 4 5 16 17
CG62519940084_s5,5 13 16
CG4323715812_s2,0 8
CG8922676242_s5,0 1 16 17
CG8727787300_s5,13 16
CG15473927790_s6,0 2 9 10 12 15 21 28
CG94659312560_s6,1 2 9 12 24
CG53737807720_s4,0 1
CG8665294555_s6,0 1 2 6 7 14
CG9606618494_s5,0 1 4 5 16
CG7053866189_s2,0 1 8
CG62020949936_s6,10 15 21
CG5237681872_s2,0 8
CG9577510701_s5,5 11 27
CG5873327877_s6,12 24
CG6321364814_s2,0 8
CG3030569321_s3,0 1
CG92537315689_s3,0 22 25
CG1491874921_s3,0 1
CG1230758106_s6,2 11
CG1744566190_s3,1 11
CG6048107523_s4,1 3 18 19 20
CG1984864045_s2,0 8
CG71965889928_s5,1 5
CG9611517937_s6,2 12
CG1231272298_s6,1 2 9 12
CG8573862533_s4,0 3 19
CG77295380604_s5,0 3 4 5 16 17
CG7015468534_s5,13 16
CG55740145097_s4,1
CG32027671617_s2,1 8
CG0727757940_s5,0 1 3 11
CG7846251873_s2,0 8
CG5958541366_s6,2 12 24
CG6064185649_s6,0 2 6 7 9 12 24
CG9998864802_s5,11
CG8775850327_s3,22 25
CG53551132646_s5,0 3 4 5 13 16
CG01845286629_s4,0 3 19
CG3666563712_s2,0 8
CG43355687245_s5,0 1 4 5
CG21377112349_s5,1 3 4 5
CG2151205016_s6,1 2 9 12 24
CG31159202732_s4,0 3 29
CG98971792766_s5,0 1
CG15657426292_s2,0 8
CG57942385901_s3,0
CG6299599722_s3,1 11 26
CG25340705515_s6,2 6 7 14
TE28230573119_s5,3 23
CG2615931259_s4,0 3 18 19 20
CG9869494043_s3,0
CG31209284457_s4,3 23 29
CG1281907375_s5,3 17 23
CG06367299204_s6,2
CG68950680883_s5,16 17
CG57072719590_s6,0 1 2 9
CG2547130231_s5,4 5
CG11332340615_s5,0 1 3 5
CG6488703338_s2,0 8
CG1357173249_s4,0
CG6087653738_s5,0 1 4 5 13 16
CG7495849032_s6,12
CG65646958910_s6,6 7 10 12 14 15 21
CG1733741301_s5,0 1 4 5 16
CG7014336675_s3,
CG8937373014_s6,1 2 9 11 12
CG2438679942_s6,1 2 9 12 24
CG3617399527_s6,0 1 2 6 9 12 24
CG95237146087_s2,0 1 8
CG2713177554_s3,0 22 25
CG0838181862_s3,1 26
CG5482318338_s6,6
CG9146932967_s6,1 2 9 12 24
CG1672932025_s2,0 8
CG4868427112_s3,0 1
CG11660821224_s3,0
CG3913219126_s5,0 1 3 4 5 17
CG7477571529_s6,2 12
CG05566332029_s5,3 4 5 17
CG48320207561_s5,3 4 5 16 17
CG7662765424_s4,0
CG8020391590_s5,0 1 3 4 5 17 23
CG0841318700_s5,0 1 3 4 5 17 23
CG05319352901_s3,0 1 26
CG00118871386_s6,2 9 12 24
CG3716486379_s6,0 1 2 6 7 12 14
CG81650864658_s5,3 13 16
CG8415591943_s2,0 8 11
CG7671417098_s5,17
CG43827148266_s6,2 9 12 24
CG4775716300_s5,1 16
CG22153794342_s6,0 1 2 12
CG5868353144_s3,0
CG1129756043_s3,0 1
CG4591578166_s4,11
CG0262504270_s5,11
CG5531471098_s3,0
CG4400415775_s6,1 2 12 24
CG2237697512_s3,0 22 25
CG01823322664_s2,0 8
CG0481372108_s6,0 1 2 6 7 14
CG6970950302_s4,3 18 19
CG4614458203_s6,0 1 2 6 7 12 14
CG0669839327_s5,1 4 5
CG0291177212_s2,0 1 8
CG1283530359_s3,0
CG74156285376_s6,10 15 21
CG5215859104_s6,0 1 2 6 7 9 12 28
CG62199682538_s3,0 1
CG6557448253_s3,0 1
CG78267768476_s5,3 4 5 17
CG0345989444_s3,0 1
CG1971878871_s2,11
CG53439924953_s6,6 7 14
CG12662381603_s6,10 15 21
CG0869615798_s2,0 8
CG22920319117_s6,2 6 7 14
CG7661865094_s3,0 1 22 25
CG66843299555_s2,0 8
CG3927524354_s3,0 22 25
CG3210568301_s5,13 16 17 23
CG8037417801_s2,0 8
CG43061743143_s3,0 22 26
CG8220326849_s6,21
CG0159938392_s2,0 8
CG6822475105_s4,0 3 18 19 20
CG3522195466_s2,0 8
CG62463938253_s3,0
CG1699887796_s6,2 11
CG1174346488_s6,0 1
CG9293450863_s4,1 3 18 19
CG3168269149_s6,2 12 24
CG65126376455_s5,3 13 16
CG5330296018_s6,9 28
CG7444136160_s6,9 10 15 21 28
CG6794889371_s5,3 4 5 16 17
CG6550863516_s6,2 9 10 12 24
CG0909186245_s6,6 7 14
CG7952363100_s3,0 22 25
CG04787602132_s6,10
CG8317891113_s4,0 1 3 29
CG78809252559_s6,11
CG9492158527_s2,0 8
CG1219691004_s2,0 8
CG66318633087_s4,1 11 19
CG6013712429_s5,0 3 4 5 13 16 17
CG0386474571_s5,0 1 3 4 5 17
CG9597477048_s6,1 2 11
CG10955294170_s3,0 22 25 26
CG2884145746_s5,1 3 4 5 17
CG6620278067_s4,0 1
CG5173177309_s6,6 7 12 24
CG6651197943_s2,0 8
CG6278265160_s6,
CG3437214835_s5,0 1 3 4 5
CG0721891584_s6,2
CG7553288325_s6,0 1 2 6 9 12
CG5850635956_s6,1 2 9 12 24
CG0561611554_s3,0 22
CG6445363310_s3,0 22 25
CG7579428645_s3,0 1 22
CG68570725134_s4,1 3
CG8645575060_s6,10 11 15 21
CG86648927398_s6,6 9 10 15 21 28
CG09041531377_s3,0
RH38963952399_s4,3 11 18 19 20 27
CG04382583573_s2,11
CG07393894905_s2,0 8
CG5005567142_s2,8
CG54880418837_s5,13 16 17 23
CG2557111554_s5,3 4 5 16 17
CG7565334571_s6,0 1 2 9 10 12 28
CG1621262466_s4,0 1
CG7955183921_s6,0 1 2 6 7 12 14
CG8152359515_s4,0 1
CG97667804605_s5,
CG79722187328_s2,0 8
CG0442154696_s4,3 29
CG1987103608_s6,2 11
CG4332120851_s5,16
CG4384639596_s2,0 8
CG16859124058_s3,0
CG42752891798_s4,11 27
CG8901456558_s5,4 5
CG4524259814_s2,0 8
CG8251685020_s5,0 1 16
CG23701417181_s6,2
CG20787586460_s6,11
CG1224250631_s5,4 5 16 17
CG3550980363_s2,0 8
CG7640244459_s4,19
CG2421414084_s6,2 12 24
CG5767387464_s3,1
CG5466743828_s5,3 4 5 17 23
CG8821306439_s5,3 4 5 11
CG1445438710_s6,6 7 14
CG00086150103_s6,1 2 12 24
CG4817194717_s5,1 16
CG0995228603_s6,6 7 14
CG42456725472_s5,0 3 4 5 13 16 17
CG6666615542_s3,0 1
CG0527284005_s2,0 8
CG3134483485_s2,
CG9328779936_s5,0 3 4 5 16 17
CG4331145378_s4,0 1 3 18 19 20
CG0755858703_s6,9 10 15 21 28
CG72000891074_s5,
CG9699260535_s4,
CG8429351283_s2,0 8
CG1228266831_s6,6 10 15 21 28
CG6358238938_s4,0 1
CG0284507506_s6,1 2 12 24
CG6684677487_s3,0 22 25
CG6332912662_s4,1 3 18 19
CG7355122435_s6,2
CG7438645862_s3,0
CG4394738899_s5,0 1 3 4 5 17
CG3025610184_s4,3 11 19
CG07699239160_s2,0 8
CG29032444758_s5,0 3 4 5 16 17
CG88960582032_s3,
CG71356508838_s6,11
CG3384623474_s6,1
CG4412587563_s5,0 1 3 4 5 17
CG4286142295_s5,1 11
CG4597509966_s4,0 1
CG1455442418_s4,0 3 19
CG4949916216_s4,0
CG7059341597_s6,12 24
CG2959316231_s6,12 24
CG9425777069_s6,10 21
CG54726617114_s4,0 3 19 20
CG0657307861_s6,
CG94573576778_s4,0
CG5764735636_s5,0 3 4 5 16 17
CG3468117573_s6,2
CG0832673111_s2,8 11
CG2783554244_s4,3 18 19 20 23
CG7575796336_s2,0
CG09974234769_s6,6 7 14
CG2786303550_s2,0
CG5948576828_s2,0
CG87645983945_s5,16
CG4831978588_s2,0
CG9664939980_s6,12 24
CG3965399293_s5,0 3 4 5 16 17
CG90865139432_s2,8
CG57243445445_s3,0 22 25
CG7567683566_s6,2
CG36094427330_s2,0
CG7008275099_s5,3 5 16 17 23
CG66083187800_s3,
CG7306319080_s2,0
CG4728383468_s2,0
CG05246825433_s6,6 10 21
CG62085126453_s4,0 1
CG9640889744_s6,
CG6464803677_s4,0 3
CG50957978305_s2,8
CG9895597877_s5,3 4 5 17
CG8372508111_s6,6 21
CG64609626528_s4,0 3
CG1621197427_s6,10 21
CG73189196012_s6,6 7 14
CG11138655395_s6,11
CG61262876710_s3,0
CG5924156441_s2,0
CG01950601689_s2,0
RH29629123455_s6,6 7 14
CG9133661134_s4,0 1 3
CG6180555760_s5,0 16 17
CG33329291824_s4,
CG97429109447_s6,11
CG5755310297_s6,10 15 21
CG26467600241_s5,16
CG33193580375_s3,
CG1496602820_s6,6 10 14 21
CG6659388159_s6,1 2 9 12 24
CG4508613446_s6,0 2 6 10 12 21 24
CG81105976669_s6,6 14
CG0340534811_s4,1
CG0008205325_s6,6
CG8174666420_s5,0 3 5 17
CG8739540676_s6,
CG5392927153_s6,11
CG2502444618_s2,0
CG8572832817_s5,3 4 5 17
CG2592512582_s2,0
CG7357260088_s4,3
CG4060457516_s4,
CG0668129778_s6,6 10 14 15 21
CG3437725042_s3,11
CG4160550441_s6,0 2 6 7 12 14
CG9038634212_s6,0 1 6 14
CG5660198383_s2,0
CG3773306475_s6,6 10 15 21
CG45742755574_s6,6 12 24
CG7291959432_s6,2 6
CG7285431098_s5,3 5 13 16 17
CG6351469247_s6,6 14
CG8359739930_s5,3 4 5 17
CG1332395980_s3,0 25
CG7349664317_s5,0 3 5 16 17
CG0789453291_s5,3 4 5 17 23
CG4231649959_s5,3 4 5 17
CG34593661326_s2,0
CG0689829135_s2,0
CG89248633176_s5,3 5 16
CG2097290837_s5,0 1 3 5 16
CG77900851315_s5,0 1 5 16
CG0409707126_s5,1 5
CG6278829104_s5,0 3 4 5 11 17
CG0577461640_s2,0
CG7393684112_s5,3 5 16 17
CG2392543614_s2,0
CG6770669112_s2,
CG0991737155_s6,12 24
CG3941824577_s6,10 12 15 21
CG9454469119_s6,6
CG1711295374_s6,6 7 14
CG4893275564_s6,6
CG8704259626_s4,3 19
CG4099822072_s6,0 6 7 12 14 24
CG6067357788_s6,2
CG6057832105_s5,0 5 16
CG2588759620_s4,0
CG2533186488_s3,0 22 25
CG74834194933_s4,0
CG6740568301_s6,6
CG7177527227_s4,0 3
CG40695804699_s5,0 3 4 5 16 17
CG26884513412_s6,10 15 21
CG5433637469_s6,0 1 12
CG55219520866_s5,3 4 5 11 17
CG82845872102_s6,10 15 21
CG9899200968_s2,0
CG4655738004_s3,0
CG8034676155_s2,0
CG21803610136_s6,2
CG3062492050_s5,0 3 5 16 17
CG5171897921_s4,1 3
CG4078867459_s2,0
CG1065898603_s4,3
CG9004834311_s6,11
CG9321797500_s5,0 3 4 5 17
CG7618604853_s5,1 3 5 17
CG22282464531_s6,10 21
CG3652777814_s6,6 10 12 14 15 21 24
CG0139879900_s6,0 1
CG0529761794_s5,0 3 4 5 16 17
CG0098766058_s6,6
CG3833245277_s6,6 12 14
CG44046531986_s6,12 24
CG01973371400_s3,1
CG83647939926_s2,0
CG0068395080_s2,0
CG66084991844_s6,2 6 12 24
CG88114541875_s6,1 6
CG7047122362_s5,0 5 16 17
CG55138326686_s6,10 15 21
CG2457327440_s6,6 7 14
CG01400206262_s4,
CG4304270791_s4,3
CG4949605736_s3,11 25
CG5918510082_s5,11 17
CG5402221149_s4,3 11 18 19 20
CG7516113649_s4,3 19
CG9566843059_s6,2 9 12 24
CG0888946881_s6,10 15 21
CG27837488028_s6,0 2 6 7 12 14 24
CG09728894382_s5,3 4 5 17
CG10303851998_s6,6
CG38047806208_s2,0
CG9094841295_s2,0
CG41945687785_s6,12 24
CG9535668355_s3,0
CG58730840330_s3,22 25
CG02785609747_s3,22 25
CG9763797084_s6,2 11
CG8105468966_s6,10 12 21
CG3509982303_s6,6 7 14
CG8280171134_s5,16 17
CG8601850081_s6,0 2 9 12 24
CG49083450124_s2,0
CG6636501922_s5,0 3 5 16 17
CG18618658434_s5,0 1 3 4 5 17
CG5991204492_s6,6
CG5353524019_s4,3
CG66924481508_s5,3 16 17
CG2489598957_s6,6 10 12 21
CG7535859782_s5,0 1 5 16
CG8749547514_s4,0 3 19
CG4207574525_s2,0
CG2296758705_s2,0
CG5120859653_s5,3 16 17
CG61517857780_s5,16
CG84528365136_s6,12 24
CG3009713271_s5,3 5 13 16 17
CG40354852575_s5,1 3 5 16 17
CG3036406776_s6,10 15 21
CG9545581558_s3,0 22 25
CG2193776857_s5,0 3 5 16
CG26373824239_s5,3 5
CG57418128264_s2,0
CG20825306229_s2,0
CG1668692092_s5,3 16 17
CG9294365307_s6,6 7 14
CG0481470443_s6,6 7 14
CG4106507587_s4,0 3 19
CG6932278216_s5,5 16 17
CG1779693016_s6,0 6 12 24
CG3534157433_s4,0 3
CG51636609146_s5,0 3 4 5 16 17
CG6153435282_s5,3 5 16 17
CG1360938479_s6,0 6 7 14
CG7260486056_s6,10 21
CG77192337604_s6,6 7 14
CG1484276950_s5,0 3 4 5 16 17
CG11013105131_s5,1 3 5 16
CG01685763100_s6,2 11
CG3070593334_s6,12 24
CG7608584574_s6,0 1 6 7 14
CG0383702926_s4,0 3 18 19 20
CG6196594497_s3,0
CG5444906674_s5,0 3 5 16
CG95050260722_s5,3 4 5 17
CG3031931057_s2,0
CG9401324546_s4,0 3 19
CG8198231904_s5,0 5 16
CG8294104700_s6,0 2 6 7 12 14 24
CG69867327208_s5,1 3 4 5 16
CG6779842939_s6,12 24
CG26129150818_s6,6 7 14
CG00220626118_s6,2
CG4838773004_s3,0
CG3171102894_s5,3 4 5 17
CG33418767959_s2,0 8
CG11369825092_s3,0
CG42557743060_s6,0 2 9 12 24
CG16000347713_s6,6 10 12 15 21
CG4501179591_s5,3 5 17
TE81338848534_s3,0 11 25
CG7841847918_s6,11
CG3596947976_s4,3
CG2399664222_s3,0 22 25
CG90128553426_s6,6 7 12 14 24
CG6750665775_s3,0 1
CG59701423986_s4,0 3 18 19 20
CG8520308323_s5,3 5 16 17
CG6479637010_s5,0 3 4 5 16 17
CG1862772532_s6,9 10 21
CG56889757541_s3,0 22 25
CG66619997628_s4,0
CG8509168370_s5,5 11 16 17 27
CG33400181218_s5,3 16 17
CG9697195540_s2,
CG1667852491_s5,3 4 5
CG2854983426_s5,16
CG72659167729_s6,10 15 21
CG17859926488_s5,3 16
CG3192326287_s2,0
CG5648747387_s5,0 3 4 5 13 16 17
CG24599648272_s6,2 9 12 24
CG80110140363_s4,0 3
CG8451226604_s6,12
CG9305158278_s3,0 25
CG0691313110_s2,0
CG2633133125_s6,1 11
CG7958464703_s4,0 1
CG4526852207_s5,0 3 4 5 16 17
CG67772579191_s5,3 4 5 17
CG05764102305_s5,3 11 16 17
CG44099910388_s6,11
CG0328261032_s2,0
CG5976206842_s6,10 12 15 21
CG26576449397_s2,0 8
CG27503504323_s5,1 5 13 16
CG5790754795_s5,0 1 5 13 16
CG40315928798_s6,2 9 10 12 21 28
CG5224452845_s6,0 2 6 7 9 12 24
CG7259991473_s4,0 1
CG60788553988_s6,2 9 10 12
CG8930340127_s4,0
CG9833685629_s5,4 5 17
CG63557134519_s6,2 6 9 10 12 15 21 28
CG4107531127_s2,0 8
CG6684906884_s6,2
CG7874181415_s5,0 1 3 4 5 16 17
CG75849135591_s6,9 10 12 24
CG73010574110_s6,2 9 12 24
CG9927374266_s5,1 11
CG23043258696_s6,9 10 12 15 21 28
CG32852973598_s4,0 1 3 18 19 20
CG1987901640_s6,0 1 2 9 12 24
CG9878895020_s4,0 3
CG1685960103_s3,11
CG5313972533_s6,1 2 6
CG4762655668_s4,11
CG83437725160_s5,1 3 4 5
CG8546726650_s3,0 1
CG39478137211_s6,6 7 14
CG00027200190_s4,0 3 18 19 20
CG70670537985_s5,11
CG1597444637_s2,0 8
CG7131646565_s5,0 1 3 4 5 17
CG9814868051_s4,0
CG5834141681_s2,0 8
CG15379715257_s5,1 3
CG43485896379_s2,11
CG4004249553_s6,0 2 6 7 12 14
CG2463960186_s5,4 5
CG4160625861_s2,0 1
CG0081782084_s6,2
CG8569357117_s5,1 3 4 5
CG20077346494_s3,0 1
CG30869569970_s5,11
CG4961330420_s2,8
CG2375294948_s3,0 1
CG5473270785_s6,11
CG0998884511_s6,0
CG56558195899_s6,10 15 21
CG3619114638_s6,2 6 7 14
CG24303479499_s6,9 10 21 28
CG32276161570_s6,10 21
CG55591409938_s5,0 3 4 5 16 17
CG4743735274_s6,6 7 14
CG9462277792_s2,0 8
CG9805991961_s6,2 12
CG9502931330_s2,0
CG9596855505_s6,9 10 15 21 28
CG0068723395_s6,6
CG2453789550_s2,0 8
CG23021629894_s6,6 7 14
CG44400651504_s5,0 1 16
CG1093253278_s5,17 23
CG7789566085_s5,3 4 5 17
CG4216793414_s3,0 22 25
CG7581479032_s2,0 8
CG5520532573_s4,0 3 18 19 20 29
CG17872315296_s6,2 9 12 24
CG75937545484_s6,2 9
CG18854318826_s2,0 8
CG9809483608_s6,2 9 10
CG7653914176_s4,0 3
CG29176287835_s6,
CG01479330397_s3,1
CG94126134089_s6,0 2 6 9 12 24
CG4068195756_s6,9 10 21 28
CG2100129664_s6,2 12
CG8884954683_s5,1 3 4 5 17 23
CG7487679755_s3,0
CG92802840965_s6,0 1 6 7 14
CG10621949748_s6,6 7 14
CG5251690602_s4,0
CG2399308147_s6,0 1 6 7 14
CG64657462447_s6,11
CG4868471696_s2,0 8
CG91039970427_s3,11
CG1885443869_s6,1 2
CG0396490181_s6,6 7 14
CG2585598454_s3,11 22 25
CG8312619918_s4,0 1 3
CG89413195102_s5,3 4 5
CG09001219533_s6,11
CG46207953079_s5,1 3 5 16
CG2251560580_s5,1 4 5 16
CG47720855464_s6,0 1 2 9 12 28
CG6347491028_s2,0 8
CG53356874309_s6,6 7 10 14 21
CG79318731022_s4,3
CG4810159910_s5,4 5 11
CG6049787039_s6,0 1 2 6
CG10398616583_s4,1 3
CG60647648645_s6,9 10 15 21
CG2929590632_s5,5 11
CG40812744249_s3,0 1
CG91123675910_s5,3 16
CG3511897606_s2,8
CG7579291417_s6,10 15 21
CG70446110931_s6,0 1 2 9 12 24
CG7106147081_s5,0 1
CG0938823965_s2,0 8
CG90843944631_s4,3 23
CG2176281580_s5,3 17 23
CG79974400425_s2,0 8
CG65880883810_s6,11
CG4356318465_s6,10 15 21
CG46297195998_s3,0 22 25
CG5066526333_s3,0 1
CG6383768960_s5,3 4 5 17
CG9503434817_s2,0 8
CG88748214129_s6,9 10 12 28
CG3225362674_s4,1 3
CG87913615658_s2,0 1
RH41485383148_s2,1 8
CG4045269374_s4,0 29
CG0403280094_s6,10 15 21
CG2660184958_s5,3 16 17
CG93718329512_s6,12 24
CG9739186273_s2,0 8
CG8552974733_s6,9 10 12
CG5217618875_s2,0 8
RH68603407687_s3,11
CG9995439420_s5,1 16 17
CG26304227406_s5,0 3 5 13 16
CG25213510988_s5,0 3 4 5 13 16 17
CG3371395922_s3,0 1
CG6227766455_s2,0 8
CG0662609776_s6,9 10 15 21 28
CG73511796822_s6,10 15 21
CG4152350109_s4,0 1 3
CG6065999850_s3,11 22
CG1015291981_s6,6 7 14
CG2828330512_s4,0
CG5093622519_s2,0 8
CG1857274164_s5,0 1 3 4 5 17
CG7019976009_s5,0 3 4 5 17
CG6475445398_s6,2 9 12
CG2840281275_s3,0 22 25 26
TE56769704292_s4,0 1
CG94005384170_s5,11
CG0479621766_s3,0 1
CG32719697162_s6,9 10 15 21
CG4471170442_s3,0 1
CG9096327415_s6,2 9 12 24
CG4532820288_s6,0 2 6 7 12 14 24
CG89484116696_s2,0 8
CG8713185969_s5,0 3 4 5 13 16
CG6722938248_s2,0 8
CG45847727394_s6,6 7 14
CG4667631541_s2,0 1 8
CG43821633863_s3,0
CG3934193741_s4,0
CG2206495450_s6,2 9 12 24
CG5160945899_s5,0 1 3 4 5 17
CG61107896631_s6,6
CG4663988118_s2,0 8
CG5125869643_s5,0 1 3 17
CG7048744516_s6,2 9 12 24
CG9773622073_s5,0 1 5 16
CG48072196976_s2,8
CG6525511223_s2,0 8
CG5730219745_s5,0 13 16
CG97537228262_s4,1
CG8785987036_s6,6 12 24
CG2294363411_s5,4 5 13 16
CG6001374437_s5,4 5 17
CG7984307836_s5,0
CG82533759554_s5,1 16
CG2115403211_s6,2
CG5529782473_s6,2 11
CG23587882277_s5,3 13 16 17 27
CG33576644104_s5,3 4 5 17
CG51658802564_s2,0
CG1350515004_s6,1 2 12 24
CG70614161549_s4,0
CG88558494640_s5,0 1 3 4 5 17
CG2030125489_s6,12 24
CG5936949351_s6,1 2 12
CG3917906744_s4,0 3 19 20 29
CG58961645339_s5,4 5
CG82820733095_s5,3 4 5 13 16 17
CG9165989239_s2,0 8
CG59700594217_s3,0 1
CG5992943101_s5,11
CG85663431496_s5,1 3 4 5
CG98652662882_s6,10 15 21
CG7665156898_s6,2 12 24
CG2138655533_s5,13 16
CG1581833860_s6,11
CG8899521818_s5,1 4 5
CG00334478967_s3,0
CG94188169834_s3,1
CG5735919793_s6,6 7 14
CG98927562916_s4,0 3
CG58289299679_s6,9 10 15 21 28
CG5087500406_s5,3 16 17
CG81005133505_s5,11
CG67102315530_s3,1 22 25
CG1081676975_s4,
CG65081840976_s2,0 8
CG0857552662_s6,10 15 21
CG22743916729_s2,0 8
CG41404424565_s4,0 1 3
CG74135188549_s6,9 10 15 21 28
CG0642605229_s5,0 3 17
CG3231530690_s6,2
CG2425960065_s2,0 8
CG7180900563_s6,9 12
CG72404477641_s2,1
CG1201749681_s5,0 1 3 5 16
CG02284298969_s5,3 4 5 16 17
CG0459827409_s4,3 29
CG2993225482_s6,6
CG7208493960_s3,22 25
CG0947658374_s2,0 8
CG4423629212_s2,0 8
CG6233249897_s5,0 1
CG4107838898_s5,3 5
CG7644678601_s6,6 10 14 15 21
CG1734386032_s6,9 10 15 21
CG5741139532_s2,0 8
CG68628507570_s6,10 21
CG3680435802_s4,0 3 18 19 20
CG3690894577_s3,0 1
CG0529756666_s6,6 9
CG0102659550_s3,0
CG26719129663_s2,0 8
CG61798286050_s6,10 15 21 28
CG5928224769_s6,6 7 10 14 21
CG02677920494_s2,1
CG54811695105_s2,0 1 8
CG7623709564_s5,3 4 5 11
CG50414269967_s2,0 8
CG2356680092_s6,10 15 21 28
CG1293541305_s6,9 10 15 21 28
CG06431408009_s2,0
CG7810278270_s4,0 1
CG22114149479_s6,2 12
CG5114821037_s6,10 15 21
CG11196986789_s3,0 22 25
CG8442789946_s2,0 8
CG09903392842_s2,8
CG71403537659_s6,0 2 6 7 12 14 24
CG8176178887_s2,0 1
CG21898687351_s5,1 3 4 5 11 16 17
CG6273481371_s5,3 11
CG2520691157_s2,0 1
CG35215821887_s6,2 11
CG6608471395_s2,0 8
CG68294911749_s4,1 3 19
CG8258205836_s6,6 7 14
CG51784565011_s2,8
CG4760219586_s4,0 3
CG52168856338_s6,0 2 6 7 12 24
CG20803183647_s5,13 16
CG8767195130_s4,0 1
CG3053468055_s2,0
CG5165475725_s6,0 2 6 7 12 14 24
CG4406233797_s6,9 10 21
CG37695711692_s6,2 9 12 24
CG0688720412_s6,0 1 2 6 7 14
CG3659571337_s6,2 6 12 24
CG66999993016_s6,2 6 12 24
CG40134767959_s3,0
CG7297758821_s5,1 3 16 17
CG4279176324_s2,8
CG98128943791_s6,1 2 12
CG2942828856_s6,2 11 21
CG3753973284_s4,0 1
CG29446962529_s6,0 1 2 12
CG33103882618_s6,0 1 2 9 12 24
CG9951739337_s3,1
CG4206494297_s3,1
CG4198592745_s6,6 7 12 14 24
CG28095825705_s6,2 6 10 12 15 21
CG3402211519_s4,0 3
CG55225176466_s3,0 11
CG4875197006_s5,3 16
CG6323166797_s4,19
CG62884309436_s5,3 4 5
CG1916538883_s6,2 11
CG8640690130_s4,
CG29280574106_s3,0 22 25
CG2359610138_s6,1 2 12 24
CG34482184485_s6,10 21
CG7023382928_s5,3 4 5 17
CG8690468211_s4,0 29
RH49314812317_s6,1 2
CG27718983250_s6,6 10 12 15 21
CG21964687524_s3,0 1
CG9815764266_s5,0 1 3 4 5 16 17
CG9897390896_s5,0 3 4 5 16 17
CG31513142411_s2,0 8
CG84862510621_s5,0 3 4 5 17
CG05572351054_s6,10 15 21
CG7376255383_s6,21
CG0291323512_s2,0 8
CG2186982920_s2,0 1
CG9243827460_s6,2 6 7 12 14 24
CG4017210841_s6,0 1
CG30376881325_s6,10 15 21
CG9142480826_s5,13 16
CG5460559603_s4,0 1
CG26454632768_s5,13 16
CG5213576415_s5,0 3 4 5 16 17
CG15509271186_s6,10 21
CG21569105846_s3,0
CG91589654361_s6,10 11 15 21
CG3592531720_s5,0 3 4 5 16
CG5985778752_s6,1 2 9 11 27
CG49806782017_s6,10 15 21
CG8687973932_s2,0
CG2300396327_s5,0 1 3 5
CG4398956390_s4,3 18 20
CG7190687958_s4,0
CG0734912784_s4,0 1 3 19
CG9759320439_s3,0 22 25
CG2233474588_s2,0 1
CG75859593626_s6,12 24
CG4020321571_s3,0 22 25
CG7005835277_s3,0
CG8403921262_s3,0 22 25
CG6974752362_s6,2
CG4583368251_s4,0 3 19
CG6547948014_s6,
CG8722596268_s5,0 3 4 5 16 17
CG1366611983_s2,0 8
CG64721586977_s6,0 6 7 14
CG5229589620_s5,1 3 4 5 16 17
CG83633321645_s4,3 29
CG50194990415_s5,4 5 17
CG1731796676_s3,0 22 25
CG61489289071_s5,0 3 4 5 16 17
CG6291132646_s5,0 3 4 5 16 17
CG5378627049_s5,4 5 17
CG3824945321_s6,2 12 24
CG7215396779_s4,1 3
CG0754331318_s5,0 3 4 5 16 17
CG0572901916_s6,9 10 21 28
CG95266630967_s6,11
CG4789371461_s3,1
CG3398184632_s3,1 25
CG5534921299_s4,3 18 19 20
CG7275959180_s5,0 3 5 17
CG13015379804_s6,6 10 12 14 15 21 24
CG90278647155_s6,10 12 15 21
CG55684855913_s2,0
CG9040211764_s4,0 1 3
CG0321727121_s5,3 4 5 17
CG27082879443_s4,0 1 3 19
CG4098905397_s6,10 15 21
CG8484854700_s3,0 22 25
CG02951149668_s3,0
CG70787131729_s6,9
CG2606815546_s6,2
CG20892781171_s5,13 16
CG01286368652_s3,0
CG1546770712_s6,2 10
CG7968968606_s4,0 3 18 19 20
CG8798714726_s3,0
CG4840801072_s5,0 5 16
CG53006748638_s2,8
CG8145731324_s6,0 2 6 7 12 14 24
CG37033456371_s5,11
CG3323761912_s5,0 3 16
CG70175379211_s5,4 5 13 16 17
CG3366284352_s6,10 15 21
CG5752275060_s4,0 1
CG9074755219_s2,0
CG9399787664_s4,3
CG9670922372_s6,2
CG1572698076_s4,0 3
CG4643727935_s6,6 7 14
CG5262731577_s2,0
CG22987657357_s5,4 5 16 17
CG40043395459_s4,23 29
CR48193377255_s3,11
CG99955156540_s6,6 7 14
CG4448791752_s4,0
CG9229527312_s5,1 3
CG3339996178_s5,0 3 4 5 17
CG5970414426_s6,0 2 6 7 9 12 24
CG6910409248_s4,1
CG0078680624_s5,3 4 5 17 23
CG7355715265_s4,0 3 19
CG3665711326_s2,0
CG35628125611_s6,10
CG40576339834_s5,0 16
CG4505746760_s4,0 1
CG3685109451_s4,0 3 18 19 20
CG25753775604_s4,0 1 3
CG4122189226_s6,6 7 14
CG8426459767_s5,4 5 11
CG5635893785_s2,0 8
CG1447117272_s5,3 17
CG0882956819_s6,2 12
CG2324198742_s5,16
CG5850472023_s6,0 2 6 7 12 14
CG7738235586_s5,11 16
CG08505842892_s5,11
CG3498571683_s5,4 5
CG1068701825_s6,0 2 6 7 9 12 14 24 28
CG2342922267_s5,0 3 4 5 16 17
CG7366864946_s5,0 3 5 16
CG25419576539_s5,3 4 5 17
CG4761154833_s6,0 6 10 14 21
CG26610711884_s6,0 1 2 9 12 24
CG86049188605_s3,1 22 25 26
CG3499471991_s6,6 9 21 28
CG6094277159_s4,3
CG16922147537_s4,3 18 20
CG19319805945_s6,1 12 24
CG0875341706_s5,0 1 3 5 16
CG3695430209_s4,0
CG37623814252_s4,3 19
CG3296336154_s3,0 22 25
CG0951953651_s3,0
CG8133837014_s2,0
CG4257917696_s4,3 18
CG2714683907_s3,0 1
CG38317205991_s2,1 8
CG7111587831_s3,0 22 25
CG31797791932_s2,0 1 11
CG35269706235_s6,9 10 15 21 28
CG0461198256_s4,1 3
CG6351843153_s5,4 5 17
CG35563546659_s3,1 22 25
CG2878653718_s3,0 1
CG2430690213_s5,0 3 4 5 16 17
CG7816336665_s3,0 25
CG2158510459_s5,13 16
CG8988238267_s3,0 22 25
CG00271261977_s3,0 22 25
CG9461494723_s5,3 5 11 17
CG3078747117_s2,0
CG70583139114_s6,1 2
CG93994994379_s5,0 1 3 5 16 17
CG72899309583_s6,2 6 7 12 14 24
CG5257845832_s6,6 12
CG3414612780_s6,6 7 14
CG14391400710_s5,1 3 4 5
CG6142585627_s4,0 3 18 19 20
CG6826756066_s4,0 1 3
CG05329439612_s4,0 1
CG0065973212_s4,3 29
CG4308155783_s5,17 23
CG95911255065_s4,3 19 29
CG4574671132_s6,6 14
CG1475999984_s6,2 12 24
CG7870369217_s4,0 3
CG37501617288_s2,8
CG41838980326_s4,0
CG16286217005_s4,3 19 29
CG51676137495_s3,0
CG77335483568_s4,1 3
CG74111277051_s6,1 2 9 28
CG7903991205_s6,0 6 7 14
CG0325776611_s3,0 22 25
CG1988568984_s3,0 22 25
CG3936337356_s6,2 6
CG07676413698_s5,0 1 3 5 16
CG9195944872_s4,0 3 18 19 20
CG5503558353_s6,1 2 9 12 24
CG3983369897_s3,0
CG1973242890_s4,0 3 18 19 20
CG7334965547_s5,0 3
CG4788564648_s4,0 1 3
CG26231483375_s6,10 15 21
CG44794342141_s5,0 1 3
CG0548801268_s6,9 12
CG8547857401_s2,0 8
CG2371966362_s5,0 3 4 5 13 16 17
CG49529805751_s6,10 15 21
CG01384524774_s2,0 8
CG5653874048_s3,0
CG06606233553_s3,
CG4946357092_s5,11
CG8700542949_s2,0
CG9890177644_s4,0 3 18 19 20
CG7733113091_s2,0
CG3264122927_s5,1 3 4 5 17 23
CG0498667894_s4,0 3 18 19 20
CG74440765697_s4,3 18 20 23 27 29
CG28359523628_s6,
CG68629164102_s2,0 8
CG9213400546_s6,10 15 21
CG6723176248_s6,10 12 15 21
CG88744851889_s2,0 8
CG7136605532_s6,0 1 2 6
CG04400406673_s6,1 2 12
CG0022792829_s6,10 21
CG7804481722_s4,0 3 18 19 20
CG7336275933_s6,11
CG2515664853_s5,0 1
CG38818102700_s4,0 3 19
CG64235305425_s2,8
CG9198697860_s4,0 3 18 19 20
CG8382977524_s2,0 8
CG8513973102_s6,0 1 6 7 14
CG5971739712_s5,1 3 4 5 17
CG0364759358_s2,0
CG72989469651_s6,0 1 2 6 7 14
CG8300249380_s6,0 2 6 7 12 14 24
CG9601143923_s6,0 2 6 7 12 14 24
CG64439166027_s6,10 15 21
CG7238758364_s3,0
CG46717199539_s4,0 3 11 18 19 20
CG1951752142_s3,0
CG2266267610_s6,0 1 2 9 11 12
CG5337368182_s4,
CG59780855231_s2,0 8
CG7777239042_s2,0 8
CG66753316826_s4,0
CG1366516345_s3,0 1
CG41032720831_s2,0 1 8
CG5870165861_s6,
CG24803823949_s3,
CG41359759778_s6,9 10 15 21 28
CG18750166786_s4,0 1
CG56821461301_s2,8
CG3627729704_s4,3 29
CG74535302942_s2,0 8
CG6543141268_s5,3 4 5 11
CG6806859470_s5,0 1 5 16
CG6726868224_s6,6
CG3469139376_s3,0 22 25
CG00785308745_s3,1 22 25 26
CG8146694176_s2,0 8
CG1100923621_s2,0 8
CG5276811751_s2,0 8 11
CG0963855783_s5,16 17
CG0002174177_s2,0 8
CG8742320291_s5,3 4 5 13 16
CG3630561605_s4,0 1 3
CG40040698641_s5,3 4 5 17 23
CG2720718306_s6,1 2 12
CG2935706065_s4,0 3 18 19 20
CG73675294221_s3,1
CG1183989466_s5,0 1 3 5 17
CG1888336045_s5,17
CG3048969694_s2,0 8
CG83757380114_s6,1
CG6012195150_s5,0 1
CG76622523184_s5,13 16 17
CG3752207596_s5,0 1 3 4 5 17 23
CG4225137269_s2,0 8
CG9868573047_s4,0 1 3
CG3040328992_s2,0 8
CG3413313070_s6,2 9 10 15 21 28
CG44610296566_s2,0 8
CG0857566878_s5,3 5 11
CG6670392572_s5,0 3 4 5 13 16 17
CG6042360995_s4,0 3 18 19 20
CG6629634115_s2,1
CG88651375375_s6,9 10 15 21 28
CG4197956846_s6,10 21
CG9557564308_s6,10 15 21
CG6028453269_s6,0 1 2 6 7 14
CG17626816018_s6,6 7 14
CG20454591145_s2,0 8
CG6035530631_s2,0 1 8
CG7341276928_s6,2 11
CG2721911282_s4,0 1
CG7797363782_s4,0 1 3
CG2505230167_s5,0 1 3
CG11761239186_s6,2 9
CG17323741909_s4,1 3
CG1438453492_s5,0 1 3 17
CG58601944315_s3,1
CG1938664999_s6,
CG5860896059_s5,3 17 23
CG5912841444_s2,0 8
CG24811789678_s6,6 7 14
CG5877296768_s6,12 24
CG9889500229_s2,0 1 8
CG7685678442_s5,4 5 13 16
CG7070268478_s5,1 4 5 13 16
CG75077585619_s4,3 19
CG9760866580_s6,6 7 14
CG4138389295_s3,0 11 22
CG1866204092_s3,22 26
CG2347270478_s5,11
CG80570158283_s2,8
CG22998280550_s5,17 23
CG8001777476_s4,0 3 18 19 20
CG4448448590_s6,10 21
CG14302310823_s6,10
CG55120581011_s6,0 2 6 7 12 14 24
CG3744693157_s5,0 1 3 4 5 17
CG27229693397_s4,1 29
CG1022825248_s6,12 24
CG7359718329_s5,0 17
CG3512951396_s4,3 29
CG4714425538_s2,0 8
CG1154454932_s3,0 1 22 25
CG3517401311_s5,0 1 3 5 17
CG2932117678_s3,0 1
CG1033357137_s4,0 3 18 19 20
CG99536731438_s4,0 1 3
CG2867969515_s3,0 1
CG2135922557_s5,13 16
CG11023551291_s6,10 15 21
CG9161188450_s4,1 3
CG75298942997_s4,3 18 20 23
CG22274119433_s6,0 1 2 6
CG06387351780_s6,6 7 14
CG7319538102_s6,2 12 24
CG4616755842_s3,1
CG5774920706_s6,6 10 15 21
CG8188924681_s5,3 4 5 17
CG1570374965_s3,0 22 25
CG30008208046_s4,0 1
CG88913131643_s5,5 13 16
CG57432737850_s6,9 10 15 21
CG1433499913_s6,2 6 7 10 14 15 21
CG6037894773_s2,0 1 8
CG83028390795_s4,0 1 3
CG7340477518_s5,4 5 17
CG80245235328_s6,1 2 12
CG73519944470_s2,0 8
CG6036600093_s5,3 17 23
CG4713666347_s6,6 7 9 10 14 15 21 28
CG84745434667_s6,2
CG11765760995_s5,1 3 16 17
CG91656281340_s6,9 10 15 21 28
CG30246397562_s4,3 23
CG62138737342_s2,0 8
CG2638899549_s3,0 22 25
CG44344430948_s2,0 1 8
CG65753495915_s6,10 15 21
CG24496451380_s5,1 3 4 5 17
CG6023355610_s3,0 1
CG5039221541_s3,22 25
CG3831813596_s2,1 8
CG80247716786_s2,0 8
CG2411203706_s3,22 25
CG2284721579_s6,2 12 24
AT57587301711_s4,0
CG03737838109_s3,0 1
CG7216867121_s5,11
CG09419279040_s5,17
CG1234380409_s5,3 17
CG3189887709_s5,0 1 3 5 16
CG9794552964_s3,0 1
CG7256789570_s3,0
CG5272880900_s5,17
CG3368806227_s2,0 8
CG5933737304_s6,9 10 15 21 28
CG0831704751_s2,0
CG4721999660_s6,6
CG4502550150_s5,4 5 13 16
CG6003526757_s3,0 22 25 26
CG1242445686_s5,3 4 5 11
CG2999109932_s4,0 1
CG1610909017_s5,13 16
CG08195962999_s3,0 1 22
CG63597719332_s6,2 6 7 14
CG13555589121_s3,0 22 25
CG18452513925_s5,0 4 5 13 16 17
CG6453406656_s6,9
CG1198431380_s5,0 3 5 16
CG5526888546_s6,0 1 6 7 14
CG26853109802_s6,1 2 9 12 24
CG7537983801_s6,2 9 12 24
CG90725166121_s6,21
CG32802663877_s3,11 22 25 26
CG7652910628_s6,2
CG3112692926_s3,0 1
CG45640906502_s2,1 8
CG5460116835_s5,3 13 16 17
CG1762464405_s5,0 1 3 5 11 17 23 27
CG8991526987_s5,11 16 17 27
CG5020256961_s2,0 1 8
CG52718906425_s2,1 8
CG1554657806_s5,0 1 3 4 5
CG45487552665_s2,11
CG5220552716_s3,0 1
CG52773437079_s5,0 1 3 5 17
CG4980421361_s4,3 18 19 20
CG9792303982_s5,0 1 3 4 5
CG9074961669_s3,0 22 25
CG6847303111_s6,0 2 6 9 12 28
CG6210824609_s6,0 1 2
CG2558786732_s4,29
CG2009165541_s5,3 4 5 17
CG6098480742_s3,0 1
CG6642654035_s3,0
CG0774446042_s3,0
CG55118194573_s4,0 3 19 29
CG3199775412_s2,0 8
CG6952150704_s5,0 3 4 5 16 17
CG13847296898_s6,6 7 14
CG6995613301_s6,1 2 9 12 24
CG4244888494_s5,1 3 5 13 16
CG0782326673_s4,1 27 29
CG3174107889_s5,
CG5923159963_s5,0 1 3 4 5 17
CG8175898098_s6,9 10 15 21 28
CG9273960967_s4,0 3 18 19 20
CG9620305045_s2,0 1 8
CG16203854144_s3,0 1
CG72683164333_s4,1
CG33140793893_s5,13 16 17 23
CG17823490138_s6,1 6 7 14
CG24010520839_s3,0 1 22 25
CG83516152262_s5,1 13 16
CG6690825524_s4,0 1 3
CG96947557049_s6,1 2 6 9 28
CG8937415758_s6,
CG77785119346_s4,0 29
CG4831335550_s5,1 4 5 17
CG72225107834_s3,11
CG2801311870_s4,0 1
CG4271829579_s6,1 2 6 7 9 14
CG63267644154_s3,0 22 25
CG19430626700_s5,11
CG3503735225_s6,12 24
CG8644969730_s4,27
CG20314800308_s4,0 1 3 18 19 20
CG7319240445_s3,0 1
CG51156148438_s6,2 6 9 10 12 15 21 28
CG7808872576_s2,0 1 8
CG78702969809_s5,17 23
CG4518403767_s4,1 3 18 19 20
CG72153683310_s5,11 27
CG2334917307_s6,6 7 14
CG64686218811_s6,2 9 12 24
CG1677904770_s6,
CG6999867203_s3,22 26
CG1403590810_s4,0 1
CG0918923011_s4,0
CG86073236019_s6,0 1 2 9 10 28
CG68308521226_s6,6 7 14
CG1002373366_s4,0 3 18 19 20
CG7158186623_s6,6 7 10 14 15 21
CG4668124094_s3,0 22 25 26
CG8382720821_s5,0 3 4 5 13 16 17 23
CG5393194782_s2,0 8
CG73001750450_s6,2
CG0408372173_s5,0 1 3 4 5 17
CG0111327422_s5,11
CG4001837803_s6,
CG2415932193_s6,10 15 21
CG59203368159_s6,6 9 10 12 15 21
CG1649209873_s2,0 1 8
CG05915594723_s5,4 5 13 16
CG27586433246_s6,9 10 21 28
CG22451831787_s2,0 8
CG75682586423_s5,1
CG37754641899_s2,8 11
CG02037660275_s2,0 1
CG32593629272_s6,1
CG07350441642_s6,2
CG8888205947_s5,13 16
RH20562770880_s5,3 4 5 11 23
CG4791988109_s3,1
CG1503634237_s3,0
CG4405905327_s3,0 1 22
CG9813180882_s6,2 9 12 24
CG66678656488_s5,0 1 3 4 5 16 17
CG68182409991_s3,0
CG8299371162_s5,0 1 3 4 5 17 23
CG4818182393_s5,3 4 5
CG63951291568_s2,8
CG20098613959_s6,9 10 15 21 28
CG5205723787_s3,0 22 25
CG9718515444_s2,0
CG48684431176_s6,6 7 14
CG18613562229_s6,6 7 14
CG3956252789_s6,6 7 14
TE60446206683_s2,0
CG6465915219_s2,0 8
CG8561752817_s3,1 22 25
CG3733957318_s5,0 3 4 5 16 17
CG3099335697_s3,0
CG56913936912_s4,11
CG73143147687_s5,0 1
CG1190592612_s6,1 2 11
CG61165266637_s5,0 1 3 4 5 17
CG9700932562_s5,0 1 3 5 17
CG7360906002_s6,2
CG29829889081_s2,0 8
CG17893476881_s2,0 1 8
CG35233926470_s6,2
CG4870962875_s3,0 1
CG7256920879_s6,9 10 15 21 28
CG77113766735_s4,0 1
CG2093843863_s5,1 3 4 5 17 23
CG4787511395_s5,11
CG5629155732_s6,2
CG8247973102_s5,11
CG2636173435_s6,6 14
CG17459687732_s5,0
CG41108542437_s4,3
CG09849674794_s2,0 8
CG8916833856_s3,0 1
CG8043908535_s4,
CG0113313492_s6,10 15 21
CG5058447550_s4,0 3
CG0158602353_s6,9 10 15 21 28
CG5901404771_s6,9 10 15 21 28
CG5724419167_s4,0 1 3
CG81225228602_s3,1 26
CG1716530336_s5,0 3 4 5 17
CG86549257700_s5,0 1 4 5
CG0355725692_s6,1 2 12 24
CG8005657891_s2,0
CG00761881705_s2,0 1
CG09075326444_s5,3 4 5 17 23
CG20568753873_s6,1 2 9 10 11
CG83987431498_s4,0
CG6337942479_s4,3 18 20
CG00138998367_s6,12 24
CG2919935107_s2,0 8
CG3596444025_s2,8
CG99591766612_s5,13 16
CG7095797823_s4,0 3 18 19 20
CG5335772965_s3,1 26
CG2194862318_s3,0
CG52863297191_s4,0 1 3 18 19 20
CG63435579769_s6,6
CG2904998854_s2,0 1
CG9906847507_s3,0
CG42848535716_s4,0 3
CG32425602382_s3,0 1 22 25
CG9898424529_s4,3 18 20 23 29
CG98754555073_s5,11
CG4083924252_s4,3 18 19 20
CG3028608388_s5,3 16
CG1203116230_s6,2 12
CG3321150698_s6,0 1 2 6 7 12 14
CG80475605554_s6,6 10 21
CG0379590412_s6,2 11
CG5847620533_s5,11
CG44095218783_s4,0 1
CG98462977278_s5,11
CG8442163083_s4,11
CG90696436524_s5,0 1 3 4 5 16 17
CG9230677135_s4,3 29
CG5085602615_s6,6 7 14
CG6655561376_s3,0
CG22401233721_s4,0 1 3
CG1692502524_s4,1 3 11 29
CG8813585614_s5,0 16
CG5324282979_s2,0 8
CG8061463140_s3,1 22 25
CG66778809637_s2,1 8
CG08538391300_s5,1 4 5
CG64295141458_s5,1 16
CG9353664537_s5,16 17
CG9335583889_s3,0 22 25
CG97389241696_s6,2 12 24
CG6588364681_s5,3 4 5
CG9877644631_s5,0 1
CG2968871437_s6,6 7 14
CG7667370351_s3,0
CG5174864936_s6,2 9 12
CG7607282476_s3,0
CG6457744924_s5,0 3 4 5 13 16
CG3096809695_s4,0 1 3
CG9303274086_s4,3 23 29
CG33874812979_s2,0 8
CG7801127998_s5,3 4 5 17
CG77764247156_s3,0 22 25
CG8948175950_s2,0 8
CG1529194225_s6,
CG4517508289_s6,0 1 2 6 12
CG42270878767_s6,
CG0607110386_s5,1 3 4 5
CG1408891309_s6,0 1 2 6 7 14
CG30081757103_s2,0 8 11
CG33446391798_s5,
CG2000364322_s6,
CG5483346386_s2,0 8
CG9455604139_s4,0
CG13126603061_s3,0
CG8217694913_s4,3 11 18 20
CG5228305102_s4,0 3 19
CG9485423627_s4,3 18 19 20
CG74353298885_s6,2
CG2820677164_s3,1
CG1973805948_s5,0 3 5 17
CG15469580979_s6,2
CG55592280050_s6,2
CG8611549039_s4,1 3 19
CG1578329653_s5,4 5 11
CG92001488170_s2,8
CG8196316757_s6,2 9 12 24
CG78173361623_s6,12 24
CG2195484008_s3,1 11
CG1200410355_s5,0 3 4 5 13 16 17
CG7004501617_s5,3 16 23
CG74313431505_s2,0 8
CG2467173846_s6,2 9 12 24
CG5172358831_s5,11
CG4168982005_s3,0
CG12412193546_s6,1 2 12
CG42645885537_s4,0 3 19
CG0630739019_s3,0 22 25
CG6811317619_s6,6 7 14
CG57838604347_s5,4 5 11 17
CG9449455968_s6,2
CG06628336910_s5,1 5 16
CG3600501225_s6,10 21
CG6836703961_s3,0 1
CG46846547791_s5,0 1 3
CG59523639924_s6,10 15 21
CG08438486969_s6,0 1 2 6 7 12 14 24
CG9278553546_s3,0
CG02054576526_s4,0 3 29
CG65062789010_s6,
CG83958627826_s6,9 10 15 21 28
CG08425454902_s4,3 23
CG1560420327_s5,13 16
CG7416419598_s4,0 3 18 19 20
CG8444937663_s6,11
CG0457819274_s4,0 3 19
CG1500296245_s5,0 3 4 5 16 17
CG5806927155_s4,0 1
CG4873636515_s3,0 1
CG85630401878_s6,0 2 9 12 24
CG6194818521_s3,0 1 25
CG8158582312_s3,0 22 25
CG7960448031_s6,
CG03631980965_s6,2
CG36908659145_s2,0 8
CG3910176428_s2,0 8
CG3928389725_s5,1 3 4 5 17
CG2483529032_s5,3 17 23
CG12351764249_s5,1 5
CG90980766899_s6,6 12 24
CG1349654800_s6,2 9 12 24
CG8947229345_s2,0 1
CG7510385407_s2,0 1 8
CG53284252521_s6,2
CG3968942832_s4,
TE63973225483_s6,2 6 9
CG8644365199_s5,3 4 5 17
CG5566154429_s2,0 8
CG77752897906_s5,0 1 3 4 5 17
CG12239163377_s6,6 7 10 14 21
CG0650150495_s2,0 8
CG9064171764_s2,0 8
CG2327806814_s4,0 1
CG2560820181_s5,13 16
CG93006980024_s2,0 8
CG4862653751_s3,0
CG67324672344_s4,3 23 29
CG1408936335_s4,0 3 18 19 20
CG44225878877_s3,0
CG0775215952_s4,1 11 19 27
CG03107872932_s5,3 13 16 17
CG4413591302_s4,1
CG3892792682_s5,4 5 17
CG7002262311_s2,0 8
CG0227951730_s6,1 2 12 24
CG1457408683_s6,6 7 14
CG34514894860_s4,0 3 18 19 20
CG1983744261_s5,0 1 3 5 11
CG9242733695_s5,0 1
CG5801303711_s2,0 8
CG3116867297_s3,1
CG6032431296_s4,0
CG36994729589_s6,10 15 21
CG60119515011_s6,9 10 15 21 28
CG86371726528_s6,10 15 21
CG1267582941_s5,0 3 4 5 13 16 17
CG77136584468_s6,2 12
CG4201662841_s3,0 22 25
TE16152312822_s6,2 12
CG6994149310_s6,6 7 14
CG0577737340_s6,10 15 21
CG65565271636_s5,17
CG33976396198_s6,0 6
CG6438581306_s4,0 29
CG6958269991_s5,0 1 3 4 5 17
CG3280956141_s2,0 8
CG0566316369_s4,0 1
CG4018956245_s3,0 1
CG72757823339_s6,2 9 12 24
CG6302120950_s2,0 8
CG1327137387_s6,6 10 15 21
CG2742639834_s6,1 2
CG51853571254_s6,10 15 21
CG5649986151_s5,0 3 4 5 16 17 23
CG8737646256_s6,10 11
CG1886133264_s4,
CG5583618634_s3,0 22 25
CG38387347783_s5,0 13 16
CG1779552189_s2,8 11
CG94796658408_s5,1 16
CG29983886531_s4,1 3 19
CG33127515792_s6,2 9 10 12 15
CG88965488471_s6,10 15 21
CG42025903515_s2,0 8
CG88726208799_s5,4 5 11
CG3034773886_s6,11 27
CG1526931396_s2,0 8
CG4586128821_s6,0 1 2 6 7 14
CG1332711001_s6,9 10 15 21 28
CG3080666876_s6,0 1 2 9 12 24
CG6870489036_s3,0 1 22 25
CG6438208239_s5,3 4 5 17
CG4002126574_s5,0 1 3 16
CG47443197069_s4,0 3
CG5003410120_s4,0 3 18 20
CG2737641015_s2,0 8
CG0945504010_s2,0 11
CG10112231068_s2,0 8
CG2175378797_s3,0 1 22 25
CG03311362094_s6,
CG2033168707_s5,1 4 5
CG99901194174_s6,2
CG47412815410_s6,1 2 9 12 24
CG70830974727_s4,0 3
CG53673641932_s2,0 8
CG3643133358_s6,10 15 21
CG06231551167_s6,12 24
CG4994337059_s6,10 15 21
CG14291167629_s6,2
CG9255199392_s3,0 22 25
CG9409565630_s5,1 3 13 16
CG2229303372_s4,0 1 3 18
CG4132908045_s6,2 6 7 14
CG42045803040_s6,9 10 15 21 28
CG0516494278_s2,0
CG8178392391_s6,0 1 2 6 9 12
CG1483206588_s4,3 23 29
CG2880361565_s6,6 7
CG1010743425_s6,6
CG5698961948_s6,0 2 9 12 24 28
CG0424192509_s5,1 5 17
CG93771700667_s5,0 5 13 16
CG21842306237_s4,0 1
CG3293352351_s2,0 1
CG06559434245_s3,0
CG9188493123_s6,2
CG54185369839_s6,6 10 21
CG68448850673_s2,0 8
CG4555994354_s4,1 3 11 19
CG0020843504_s2,0
CG06051406288_s6,2 6 9
CG4740212692_s6,10 15 21
CG9151464555_s3,22 25
CG5567191569_s4,0 1 3 19
CG5698604366_s6,0 1 2 9 12 24
CG06906227189_s4,0 1 3 18 19 20
CG0564477763_s2,0 8
CG2141126711_s5,3 4 5 17
Dl971045_s6,6 7 9 10 12 14 21 28
CG39966877799_s6,9 10 15 21 28
CG0394799748_s6,1 2 9 12 24
CG44450636278_s4,0 3 19 20
CG9758346772_s3,0
CG7345172814_s4,1 3 11 18 19 20 27 29
CG80735862928_s3,22 25
CG26632933088_s2,0 8
CG1736891909_s4,0 3 18 19 20
CG92508506375_s4,1 3 19 29
CG5310227967_s3,0 22 25
CG8169765692_s2,1 8
CG51589248838_s4,0 1
CG0685220260_s6,6 7 14
CG47015762097_s4,0 3 18 19 20
CG9056120719_s3,0 22
CG6919131149_s2,0 1 8
CG66760308952_s5,0 3 4 5 16 17
CG2697240527_s5,13 16 17
CG7694610100_s4,3 11 19 20
CG4996289776_s6,0 1 2 6
CG0353174233_s4,18 23 27 29
CG13645492266_s6,6 7 10 14 21
CG33625199625_s2,0 8
CG4572266992_s2,0 8
CG32667273769_s2,0 8
CG2860134678_s5,0 1 3 4 5 16
CG1692329364_s5,3 4 5 17 23
CG2499109052_s5,0 13 16
CG21124524194_s5,0 3 4 5 16 17
CG2318346136_s3,11
CG95384162308_s2,0 8
CG87397169541_s6,9 10 15 21 28
CG59461659512_s4,3 29
CG4666630843_s4,11 19
CG5866571429_s6,1 6 7 14
CG8956611223_s6,2 12 24
CG7230930310_s5,0 3 4 5 17
CG3253622023_s2,0 8
CG5194178450_s5,0 17
CG47231237963_s6,
CG16451119564_s6,6 7 14
CG7557680162_s3,0 1
CG05512681357_s2,8 11
CG11247979176_s6,9 10 15 21 28
CG7752266297_s5,13 16
CG60998812028_s5,1 13 16
CG88815812519_s6,6 14
CG0113627231_s5,0 1 3 16
CG53347862592_s3,22 25
CG59405498678_s5,1 4 5 17
CG12088342847_s4,1 3 19
CG00764976754_s2,0 8
CG9860788802_s2,0 8
CG94306577714_s4,0 3 19
CG38156877359_s2,0 8
CG4868327307_s6,1 2 12
CG2132484562_s4,0 1
CG1890779949_s6,1 2 6 9 12
CG0486351633_s3,0 22
CG4383460084_s6,1 2 12
CG0356556978_s4,3 29
CG50021499779_s6,11
CG53880725765_s5,3 4 5 17
CG1307424582_s4,3 11 27
CG5680178555_s5,13 16 17
CG22330394645_s5,16 17
CG79218444237_s6,10 15 21
CG9282332382_s5,1 5
CG6868540316_s6,10 15 21
CG41013393425_s5,0 1 3 11
CG9428937109_s3,1 22 25
CG4401855212_s4,0 3 18 19 20
CG0486278023_s6,2 11
CG3116558775_s6,6
CG4643739791_s6,2
CG62917336354_s6,6 7 14
CG7769666368_s6,10 15 21 28
CG47227841025_s4,0 3
CG83855660028_s6,0 1 2 9 12 24
CG7988235746_s6,6 10 11 21
CG70264669076_s6,21
CG96464557637_s2,0 8
CG0971989918_s6,1 2 9 12 24
CG8078239569_s2,0 8
CG77835990378_s4,29
CG04417132265_s6,10 15 21
CG9177905443_s5,4 5
CG7399930703_s6,0 1 2 6 7 12
CG22134499247_s4,1 23
CG3870701660_s5,11
CG1002216168_s4,3 11 29
CG3625518456_s6,10 15 21
CG7094653987_s5,0 1 3 4 5 17
CG9762566753_s3,0 22 25
CG1765700498_s5,1 3 4 5 11 17 23 27
CG07670152886_s2,0 8
CG46681944297_s6,9 10 15 28
CG9659533647_s6,6 7 14
CG70414761676_s6,1 2 9 12 24
CG4628792975_s4,0 1 3
CG5711834572_s3,0 22 25
CG1619576808_s4,0 3 19 29
CG1357632126_s4,0
CG0678112726_s3,0
CG3120229203_s4,0 3
CG1626275865_s6,2 6 7 14
CG71246504901_s6,9 28
CG42191106523_s4,1 3 11 19 27
CG8626974792_s2,0 8
CG2542327187_s2,0 8
CG5650219831_s2,0 8
CG0872393400_s4,0 1
CG1965612202_s5,1 17 23
CG5667763466_s5,0 1 3 4 5 17
CG2961605598_s3,0 1
CG4587335271_s5,3 4 5 17
CG07725717883_s5,17 23
CG95062134319_s4,29
CG83007902864_s6,1 2 12 24
CG0087216786_s3,0 22 25 26
CG2164253263_s6,9 10 15 21 28
CG5997685507_s5,0 3 4 5 17
CG3830674572_s6,9 10 15 21 28
CG93237261546_s6,1 2 9 12 24
CG6118597558_s5,3 13 16 17
CG18486554797_s6,9 10 15 21 28
CG33822589676_s5,4 5 11
CG44019426634_s3,0
CG22114938770_s5,3 4 5 17
CG95389683324_s5,16
CG6894716323_s2,0 8
CG1049704168_s2,0 8
CG33180521498_s6,6 7
CG38543636668_s6,0 2 6 7 9 12 24
CG66094250503_s2,0 8
CG7586179197_s6,0 1
CG55548879451_s5,13 16
CG5030345264_s4,0 3 18 19 20 29
CG6823401045_s2,0 8
CG3476271325_s6,6 7 14
CG24466833444_s4,0 1
CG2011913979_s5,0 1 3 4 5 17
CG7310874030_s5,1 4 5
CG8955597484_s6,2 6 7 9 14
CG1288248356_s5,4 5 13 16
CG0377770984_s2,0 8
CG7475548006_s4,0 3 19 20
CG33508233908_s5,0 3 16
CG08018595580_s5,13 16
CG8626218633_s6,0 2 6 9 12 24
CG9810755365_s4,0 3 29
CG70435652420_s2,0 8
CG1082349647_s6,11
CG39170221687_s4,0
CG77019133829_s2,0 8
CG87427178974_s5,0 3 4 5 13 16 17
CG3607226821_s4,0
CG0477910777_s6,10 11 15 21
CG49980833131_s2,0 8
CG6743290229_s5,4 17
CG26684706600_s3,0 1
CG2753253838_s6,2 9 10 12 15 21 28
CG2356932372_s3,0 1 22 25
CG0459751681_s2,0 8
CG75693221908_s2,0 8
CG88575715214_s6,10 15 21
CG8572201197_s6,2 6 9
CG59287637983_s5,13 16
CG4698614898_s3,0 22 25
CG52678192617_s6,2 9 12 24
CG3722438823_s3,0
CG1957611493_s3,0 22 25
CG6786447909_s5,0 1 3 4 5 16 17
CG2424466900_s3,0 22 25 26
CG5891672912_s6,
CG03794890397_s2,8
CG8026718738_s6,1 6
CG6051970767_s3,0 1 22 25
CG9791229227_s6,0 1 2 6 7 12 14
CG4761585473_s3,0 22 25 26
CG4824460037_s6,2
CG8064668085_s4,0 3 18 19 20
CG0370463262_s2,0 1
CG19677866207_s2,0 8
CG0901124855_s4,0 3 19
CG5963120016_s6,1 2 6 7 9 14
CG17729523799_s6,0 1 2 6 12 24
CG4338247484_s4,1 3 18 19 20
CG0864589070_s5,13 16 17
CG2734606305_s5,1 3 4 5 17 23
CG50746819105_s4,0 1
CG0202382738_s2,0 8
CG2799719919_s4,0 3
CG7227743883_s6,2 9 12 24
CG5389244290_s2,0 8
CG8174908980_s6,0 2 6 7 9 12 24
CG7634693267_s6,
CG8710114295_s5,3 17 23
CG8670698880_s4,1 3 11 18 19 20 27
CG0425604736_s2,0 8
CG6122546800_s4,0 1 3 19
CG7217933670_s2,0 1
CG0936952336_s6,1 2 9 12 24
CG0967971755_s5,0 4 5 13 16 17
CG54875997490_s6,10 11 21
CG56162482182_s4,3 11 18 19 20 27
LD20175521582_s6,2 12
CG61022737854_s6,0 11
CG4966999586_s5,11
CG0764603385_s6,0 1
CG70888610344_s2,0 8
CG7443540925_s6,12 24
CG0433900126_s2,0 8
CG65429366676_s4,0 3 18 19 20
CG8073280677_s3,0 1 22 25
CG4997819107_s6,0 1 2 9 12 24
CG5435845521_s3,0 22 25
CG6325495092_s6,2
CG9588832712_s6,0 1
CG9559371766_s6,2
CG5932382694_s2,1
CG1106944693_s5,1 3 4 5 13 16
CG50214252908_s6,10 15 21
CG1307315550_s2,0 8
CG43831584424_s5,1 3 11
CG8425852299_s2,0
CG3810423687_s4,0 3
CG8168488414_s3,0 1
CR0391836996_s5,11
CG1878965456_s2,0 8
CG8470430798_s6,6 7 14
CG0252667960_s6,2
CG9041547041_s6,10 15 21 28
CG3918343191_s4,0 3
CG6327639491_s5,3 17
CG09670114066_s4,3 18 19 20
CG7739577607_s4,0 1
CG8740192708_s6,2
CG60774415748_s5,0 3 5
CG7524750805_s6,11
CG2029375540_s6,12 24
CG3811212608_s3,22 25
CG7445537706_s3,0
CG58184489580_s6,0 12
CG69801776713_s5,3 5 11
CG07375348071_s6,6 7 14
CG62791961467_s3,0
CG34833978775_s2,0
CG9740888907_s2,0
CG2639960136_s4,0 1
CG85175645193_s6,
CG1543621388_s6,11
CG1716115538_s3,0
CG4901672067_s2,0
CG7907871198_s3,0 22 25
CG21458140833_s3,0 1 22 25
CG5936373184_s4,0 1 3
CG44664569424_s6,10 15 21
CG3215866588_s3,0 22 25
CG6875216889_s3,0 1
CG2253280153_s5,0 16 17
CG1481676387_s6,6 7 14
CG9943827171_s6,0 2 6 7 12 24
CG1643971001_s5,0 3 4 5 17
CG9333156782_s5,11
CG16292759599_s3,0
CG5385660463_s5,0 3 5 16 17 23
CG9068380684_s5,3 4 5
LD29014976362_s2,11
CG18735931879_s6,10 12 15 21 24
CG84190740298_s6,6 7 14
CG45134763392_s4,3
CG1451895526_s6,6 7 14
CG9690137677_s4,3
CG08341417562_s6,0 2 6 9 12 24
CG06939636270_s6,10 15 21 28
CG1153641094_s4,0 3
CG70520635073_s4,0 3 19
CG9173447105_s6,6 7 10 12 14 21 24
CG2542113055_s2,0
CG71032599105_s6,0 1 6
CG1391261341_s5,0 3 4 5 16 17
CG49816951710_s4,0 1
CG1562150411_s6,6 7 14
CG33247445527_s4,0 3
CG2334681862_s6,10 15 21
CG0374237934_s6,2 12 24
CG5747767387_s2,0
CG6985371188_s6,0 2 6 12 24
CG52561664734_s6,1 2 9 12 24
CG0166985928_s2,0 8
CG38343890008_s2,0
CG4987931121_s6,0 1
CG59321715266_s6,6
CG70464832291_s5,
CG3022568616_s5,3 4 5 17 23
CG3035936697_s5,1 5 16
CG9228907968_s5,1 3 16 17
CG34364825070_s3,0 22 25
CG8806645782_s2,0
CG2982182883_s2,8
CG5336281674_s5,0 3 4 5 16 17
CG5361335456_s2,8
CG24272568158_s5,0 1 3 4 5 17
CG3081823434_s6,0 2 6 7 12 14
CG88810414391_s4,0 3 19 20
CG9765156496_s5,16 17
CG21453275216_s6,
CG3244755382_s2,0
CG78812348885_s4,3
CG38304675952_s4,0 3 18 19 20
CG4040819365_s6,10 15 21
CG9871722305_s2,0
CG0789869704_s3,0 22 25
CG1718491340_s6,10 15 21
CG49110993620_s6,0 1 2 6 7 14
CG2042968709_s5,13 16 17
CG71237686028_s2,0 8
CG3295440568_s4,0 3 19
CG3389288497_s2,0 1
CG2332963638_s4,3 11 18 20
CG8441625027_s6,1 2 9 12 24
CG9403190023_s5,3 16 17
CG5207870999_s4,3 19
CG51977790252_s5,3 16
CG59714934178_s2,0
CG48773558300_s4,0
CG8600162791_s2,0
CG63119607359_s2,0 11
CG7472240644_s6,0 12
CG14080953560_s4,0 3
CG1604417499_s3,11
CG4921925862_s6,0 1 6
CG14519889508_s6,10 15 21
CG3543181462_s5,0 3 4 5 16 17
CG91361761234_s6,6 7 10 12 14 15 21
CG75566829292_s2,0
CG22481773084_s6,6 7 14
CG6807242223_s3,0 22 25
CG20267538236_s6,2
CG5169707851_s6,9 10 21
CG2177584192_s3,
CG4982332622_s6,2 6 7 12 14
CG7539307539_s6,0 1 2 12
CG8839399781_s5,13 16
CG2183369816_s3,0
CG05215359506_s3,0
CG3776726366_s4,3 23
CG2041246378_s5,0 1 3 4 5 17
CG10243794217_s4,3
CG0554660184_s6,2
CG1350244275_s6,0 2 6 7 12 14 24
CG3591316255_s6,6 10 21
CG65792822491_s2,0
CG8376339233_s2,0
CG84663223907_s6,2 6 11 12
CG18256466160_s3,0
CG33584454255_s3,0 1 25
CG06392127426_s6,0 2 6
CG45990892697_s2,0
CG12017882997_s4,11 19
CG7797439890_s4,3 19
CG73547662833_s3,22 25
CG0279415882_s6,9 10 12 15 21 24
CG78191978432_s4,1 3 19
CG1584803901_s6,2 6 12
CG62101701650_s6,0 1 2 6 7 12 14
CG3532678726_s6,2 9 12 24
CG36374188341_s4,0 3
CG9280431406_s6,6 7 14
CG4866674713_s2,8
CG5627203146_s5,1 17
CG5137718166_s5,3 4 5 16 17
CG7350770551_s6,0 1 2 12
CG17203751173_s4,0
RH24703506025_s2,0 8
CG37051170174_s6,2
CG8388486433_s3,0 22 25
CG3124423958_s4,29
CG41005409904_s6,1 2 12
CG2766554915_s4,3 11 23
CG5395270588_s6,0 2 6 9 12 24
CG90863322474_s5,0 1 3
CG1270112675_s6,6 7 14
CG5784256567_s4,0 3 19
CG11790865424_s2,0
CG2115446681_s4,3 19
CG57331123533_s5,0 1 16
CG82152491106_s4,0 3
CG93291186293_s2,0
CG84538452102_s5,11
CG67488523890_s3,0 22 25
CG3971931382_s2,8
CG11793222078_s4,3 19
CG04839877786_s3,0
CG2910292812_s2,0
CG3417393755_s2,0
CG9005967752_s6,12 24
CG4413114335_s2,0
CG1193814956_s3,0 1
CG44837262743_s6,6 7 14
CG3948223259_s5,0 3 4 5 16 17
CG01752462109_s6,10 15 21
CG5309319851_s5,0 3 4 5 17
CG6202351691_s5,3 4 5 17
CG2379602301_s6,1 2 9 12 24
CG8411691146_s5,0 3 4 5 16 17
CG4214278516_s4,0 3 19 20
CG2800883188_s3,0 22 25
CG0298405551_s6,12 24
CG41763880813_s3,0
CG0818439518_s6,6
CG1566399523_s6,6 7 14
CG8464386861_s5,3 16 17
CG76166852185_s4,0 3 19
CG1958703091_s4,0 3
CG88440555463_s6,10 15 21
CG6950556036_s5,13 16
CG3344298021_s2,0
CG58146980020_s6,6 7 14
CG2036592249_s3,0 22 25
CG1113903800_s3,22 25
CG5002536581_s5,0 1 5 16
CG46089565126_s6,10 15 21
CG2513431833_s2,0
CG5185438711_s4,0 3 18 19 20
CG6828982077_s6,10 11 21
CG4112914227_s5,0 3 4 5 16 17
CG6443306034_s6,6 10 12 14 21 24
CG5744163822_s6,0
CG92812472386_s3,0 1
CG66664961884_s6,2
CG48995184885_s4,0 3
CG4328659358_s4,0 3 18 19 20
CG8476546115_s4,0 3 19
CG5980935932_s4,11
CG11820150495_s6,0 2 9 12 24
CG93949236508_s4,0 3 19
CG96539476308_s5,11
CG0814205028_s4,0 3 18 19 20
CG44795896319_s6,6
CG66285243527_s6,10 15 21
CG3052565466_s5,5 13 16
CG72052112163_s3,0 25
CG82833860554_s6,2 9 12 24
CG78237243029_s5,0 5 16 17
CG0781362308_s2,0 1
CG8039988399_s5,0 3 4 5 17
CG2545782241_s5,3 13 16
CG89349468844_s6,6 7 10 14 15 21
CG89780296890_s2,0 8
CG44188882316_s6,10 15 21
CG83776122842_s2,0
CG2273433457_s6,2 11
CG44027467667_s6,6 7 10 12 14 21 24
CG2600719511_s4,0 3
CG33058905275_s6,9
CG9473314851_s6,0 2 6 7 12 14 24
CG3831550653_s5,11
CG2581383994_s6,0 2 9 12 24
CG1453497091_s4,1 3
CG7122151904_s2,0
CG61202238869_s5,16
CG4379362965_s3,0
CG14212116114_s2,0
CG6767811072_s5,1 3 16
CG6712151484_s2,0
CG50847262448_s5,0 1
CG9754143710_s2,0 8
CG9583266640_s3,0
CG42257584334_s6,6
CG8560996568_s5,4 5
CG4500817598_s6,6
CG85897340790_s4,3 18
CG9047715597_s6,1 2 9 12 24
CG7936150013_s6,10 15 21
CG2319815115_s2,8
CG3590941760_s3,0 22 25
CG0367172254_s4,1 3 19
CG15878769767_s5,0
CG2157415049_s3,0
CG1245621027_s3,11 25
CG0607177368_s4,0
CG3566228659_s2,0 8
CG4587295769_s4,0
CG28025416731_s6,
CG94403577405_s6,
CG85222628475_s5,0 3 4 5 16 17
CG4911119665_s6,10 21
CG6239254012_s5,0 3 4 5 16 17
CG8118186099_s5,0 1
CG5967638855_s4,0 3 29
CG6484818604_s4,3 23 29
CG8602972676_s3,0 22 25
CG21135934031_s4,3 18 19 20
CG3153269396_s5,4 5 13 16 17
CG52436970829_s5,1 3 16
CG2575495850_s5,1 3 16
CG22004877739_s2,0
CG14917628502_s5,5 16
CG4472650490_s3,0
CG09980480436_s6,0 2 9 10 12 28
CG0785450982_s6,
CG1710518454_s5,0 1 3 16
CG2862359774_s6,2
CG0581981203_s6,1
CG2438141500_s5,1 3 4 5 17
TE63034681515_s3,0
CG9608199742_s5,0 3 4 5 16 17
CG58518177259_s2,1 8
CG00045697134_s5,3 4 5 17
CG8275991113_s4,0 3
CG2435631507_s6,10 12 24
CG0769757043_s4,0 3 18 19 20
CG18260696824_s6,1 2 12 24
CG5954706216_s3,0 22 25
CG5573959032_s3,0 1
CG85627216760_s5,3 4 5
CG5466919212_s2,0
CG89093731175_s5,3 5 11
CG1366196531_s6,2
CG2008946900_s6,10 15 21
CG4763497391_s3,25
CG54407948752_s6,0 2 9 12 24 28
CG1722495107_s6,0 2 6 7
CG4077817269_s4,0
CG5423440114_s6,6 7 14
CG4159410111_s2,0
CG78294847470_s6,
CG2194106242_s6,12
CG6569317083_s4,3 18 19 20
CG31797498783_s3,1 25
CG0684100071_s2,0
CG0475694440_s2,0
CG1009326093_s3,0
CG02625849421_s2,0
CG4058411133_s4,3 19 29
CG7214120469_s2,8
CG08044728325_s5,0 3 4 5 17
CG1377878364_s2,0
CG9561862886_s5,0 3 4 5 16
CG1094264909_s6,10 15 21
CG1934444426_s3,0 25
CG70467927887_s2,0
CG4981606396_s3,0 22 25
CG15967406886_s6,6 10 21
CG43522158683_s6,6 7 10 14 21
CG63369125604_s5,11
CG1979726048_s6,6 7 14
CG9632308734_s6,0 2 6 7 12 14
CG5743826418_s2,0 8
CG00620790908_s2,0
CG0097781687_s3,0 22 25
CG1267740361_s3,0
CG66071508929_s2,0
CG1556733287_s4,1 3
CG3285789769_s6,6 11
CG7804828870_s6,2
CG66451675276_s6,6 7 14
CG7392359755_s4,11
CG9804139132_s6,10 15 21
CG1637158731_s5,
CG3108743015_s5,3
CG5256442163_s2,0
CG05393588452_s2,1 8
CG3283537186_s5,11
CG4036238052_s5,1 5 16
CG0827393755_s6,9
CG84214699816_s6,2 6 7
CG8227860354_s4,0 3
CG28011428664_s6,12 24
CG3799206805_s5,0 3 4 5 16 17
CG7695848559_s2,0 8
CG00420724344_s5,0 1 3 4 5 16 17
CG17880812913_s4,11
CG2037262462_s2,0
CG39815226092_s5,3 5 11 17
CG0924208212_s5,3 4 5 17 23
CG0166915364_s3,0 22 25
CG70075364127_s6,11
CG3457383693_s6,2 12 24
CG1313763541_s6,1 2 9 12 24
CG2013893394_s5,11
CG47597695066_s6,9 10 12 15 21
CG85506813415_s4,0 1 3
CG8876952745_s5,0 1 3 4 5 16 17
CG71503388932_s2,1
CG52423880965_s4,0 1 3 19
CG17669186537_s5,4 5 17
CG7140281151_s4,3 29
CG57285272612_s4,0 1
CG4948702141_s4,11 19
CG49787188915_s6,6 14
CG9244939737_s4,0
CG9008392459_s6,9 10 12 15 21
CG5264568808_s6,0 1 2 9 12 24
CG5816885719_s5,0 3 4 5 13 16 17
CG5752810877_s6,10 15 21
CG8408358234_s4,0 3
CG0035552666_s5,3 5
CG46802954065_s6,
CG3169446540_s5,0 1 3 16
CG6373322469_s4,0
CG08056306168_s6,2 9 12 24
CG1833248656_s3,0
CG4578452898_s2,0
CG3961861902_s4,1 3 19
CG44798511842_s5,3 5 17 23
CG9727342068_s5,1 3 4 5
CG3778152578_s2,8
CG4965389621_s6,10 15 21
CG44250199394_s2,0 8
CG17749440428_s2,0
CG6837950809_s6,0 1 2 9 12 24
CG2777479346_s4,1
CG7243831418_s5,3 4 5
CG81165678991_s6,1 2 9 12 24
CG3893108073_s4,
CG04129696073_s2,0 8
CG24552644221_s6,0 2 9 12 24
CG8658319041_s2,1 8
CG4400693456_s3,0 22 25
CG5905757746_s2,
CG01280655636_s6,10 15 21
CG4508589839_s2,0
CG30053398520_s4,3
CG7682322495_s6,
CG7637636626_s6,9 10 15 21 28
CG8036495225_s5,13 16 17
CG77996849502_s6,2 9 12 24
CG1579936572_s5,3 4 5 17
CG08711402029_s6,10 15 21 28
CG01489262739_s6,11
CG3409740669_s2,0
CG5580466070_s6,2
CG62317649899_s6,6 7 14
CG3561723816_s2,0 8
CG26770160732_s5,0 1
CG4244617259_s5,1 5 16
CG7644288611_s2,0 8
CG5874514861_s3,0
CG08214899179_s5,17
CG8540930410_s5,3 4 5 17
CG76277791010_s5,0 3 4 5 16 17 23
CG99542105005_s6,1 2 6
CG94965263146_s2,0 8
CG4885973201_s4,0 3 18 19 20
CG66429585953_s6,0 6 10
CG2284832898_s2,1
CG5082606704_s6,10 15 21
CG4274545829_s6,9 10 15 21 28
CG7513174966_s4,0
CG9193127319_s5,4 5 17
CG4965740381_s3,0 1
CG6603586709_s6,0 6 7 14
CG3856737254_s5,0 1 3 4 5 17
CG1996487178_s6,0 2 9 12 24
CG7048888003_s3,0 1
CG6014723280_s4,3
CG5567958244_s5,3 16
CG0144559470_s2,0
CG33351148963_s6,1 2 6 9 12
CG47463479023_s6,6 7 10 14 15 21
CG3271120192_s6,2
CG0796164939_s5,0 3 5 16 17
CG4360469796_s3,0 1
CG6416609031_s4,0 3 18 19 20
CG35569937563_s2,0
CG7372547935_s2,1
CG74450874101_s4,0 1 3 19
CG8396253503_s3,0 22 25
CG0798794974_s6,6 7 14
CG9120371129_s5,3 11
CG9943539050_s6,0 1
CG3659606437_s6,10 12 15 21 24
CG66763759618_s4,
CG3876677194_s3,0 22 25
CG6477103560_s5,
CG7753886794_s6,6 7 14
CG8336872370_s6,2 6 7 14
CG76130289566_s6,10 21
CG2213879162_s5,5 13 16
CG8595998003_s6,6 10 15 21
CG33863543703_s6,6 7 14
CG2983108118_s3,11 25
CG1531559393_s3,0
CG23329156587_s6,10 21
CG5872883890_s5,0 1 3 4 5 17
CG7285952919_s3,0 1
CG22324945403_s6,6 7 14
CG24342236709_s5,0 1 3 17
CG3514742409_s4,0 1
CG4320329969_s5,1 3 4 5 17
CG4659910478_s2,0
CG6326214291_s6,0 1 6
CG6839560973_s2,0
CG02102553226_s5,
CG6122328064_s4,3 18 19 20
CG4010694708_s2,0
CG6464792906_s6,6 7 14
CG7931567567_s3,0
CG6139883597_s4,0 3
CG3911513458_s4,0 3 18 19 20
CG44488548442_s2,0
CG0702424650_s2,0 8
CG8583788902_s2,0
CG6294531494_s2,0 8
CG4437218695_s2,0 8
CG62927894954_s2,1
CG8642355564_s6,0 1 2 6 7 12 14
CG1989581456_s5,17 23
CG30476514710_s5,11
CG92882428693_s5,0 3 4 5
CG1812136655_s3,0 22 25
CG4829398096_s2,0
CG8727175210_s6,2
CG5621609346_s2,0
CG0231970641_s5,1 3 5 13 16
CG4734992879_s3,11
CG32552169272_s6,2 6
CG1193658808_s2,8
CG3018945627_s5,0 3 4 5 16 17
CG38027710277_s2,0 1
CG7763689977_s6,0 10
CG7018748572_s6,2 9 12 24
CG62897759465_s5,11
CG0934940917_s5,5 13 16 17
CG5364672647_s3,0 22 25
CG4632952862_s6,0 1 6 7 14
CG1096243269_s6,2
CG2355288395_s6,12 24
CG3421455077_s6,10 21
CG46925612773_s3,0 22 25
CG43849589767_s3,0 22 25
CG6812650665_s2,0 8
CG66283424125_s5,17
CG5179302988_s6,6 7 14
CG5396983171_s5,11
CG68294465228_s6,10 15 21
CG1852514412_s4,0 3
CG7478142229_s5,3 4 5 17
CG0968476653_s4,0 3
CG14280815150_s2,0 1 8
CG31354996361_s4,0 3
CG22264977942_s4,1
CG4124124002_s4,0 3 19
CG5877791317_s6,10 15 21
CG19539492024_s2,0 11
CG49242126967_s2,0 8
CG8914127472_s6,6
CG8062227287_s2,0 8
CG95836755788_s5,0 1 3 4 5 17
CG88035990330_s5,3 11 16
CG0999439596_s5,0 1 3 4 5 17
CG84373641129_s2,0
CG0097121476_s2,0 8
CG5961299953_s5,0 1 16
CG3428435089_s3,1
CG6793689344_s6,1 2 12
CG09202613043_s5,
CG3175439448_s2,8
CG1996469936_s3,0 1
CG0953558157_s2,8
CG6860486630_s6,10 15 21
CG93357827129_s6,11
CG4583765866_s2,0 8
CG4652792336_s2,0 8
CG67352217087_s6,0 10
CG7606787109_s2,0 8
CG1936145648_s4,0 3 19
CG6673201355_s5,1
CG25963914626_s5,0 1 3 4 5 17
CG3393166936_s5,3 4 5 13 16 17
CG5668850147_s4,0 3 18 19 20
CG9120800530_s2,0
CG6183241552_s4,3 11 19
CG8297530991_s5,1 4 5
CG1833628605_s5,3 17
CG3497928620_s4,0 1
CG7456796800_s5,0 16
CG06056626696_s5,11
CG86280711421_s6,6 7 14
CG2141268915_s4,0 3 18 19 20
CG9550268130_s2,0 8
CG5245956451_s5,0 1 3 4 5 17
CG3261221567_s3,
CG59704603198_s6,9 10 15 21 28
CG97532276119_s5,17
CG3218566974_s6,1 12 24
CG5981480576_s6,2 9 12 24
CG9772681032_s4,0 1
CG9020736361_s5,1 5 17
CG6400403129_s5,0 3 5 16 17
CG8207133867_s6,
CG08452573994_s3,11
CG1295790795_s6,11
CG0802902212_s5,0 1 4 5 16 17
CG84674845176_s5,3 5 13 16 17
CG35686700533_s5,13 16
CG41567435715_s6,0 2 6 7 12 14
CG00656295604_s2,0 1 8
RH67502833272_s5,3 16
CG08489484412_s2,0 8
CG9226156393_s6,6 10 15 21
CG10121743220_s3,0 1
CG8669224148_s2,8
CG8077277280_s6,9 10 15 21 28
CG50996313048_s6,6 7 14
CG05913338835_s4,0 3
CG38240897186_s5,1 17
CG2134383305_s4,0 3 19 29
CG1564911437_s3,0 22 25
CG66381964166_s2,0
CG77799173733_s5,3 4 5 13 16 17
CG66817574800_s4,0
CG9485168775_s2,
CG1084747107_s6,1 2 9 12 24
CG9119898708_s4,1 3 23
CG7686304901_s6,6 7 14
CG0776682379_s3,25
CG43356936395_s6,2
CG16593253796_s6,9 10 12 21
CG0380159231_s4,0 1
CG15118241212_s6,2 6 7 12 14
CG44326961847_s5,0 1 3 4 5 17 23
CG22371632831_s4,1 3 19
CG5686938293_s6,
CG2816184207_s6,10 15 21
CG51317155062_s5,4 5
CG4286723518_s6,6 7 14
CG0123731257_s4,0 29
CG3460858295_s5,0 1 16
CG6550164486_s4,0 3 18 19 20
CG6666164278_s6,21
CG44036107008_s2,
CG8388381004_s5,3 13 16
CG0511179440_s5,0 3 4 5 16 17
CG8478276597_s6,11
CG40433754068_s3,22 25
CG4801872045_s2,0 8
CG37721929435_s5,3 4 5 13 16
CG4286328108_s4,0 3 18 19 20
CG2287315964_s6,10 15 21
CG41963581321_s5,1 5 16
CG3175410948_s6,12 24
CG8341268415_s6,2 6 12 24
CG01185950795_s4,1 3 18 19 20
CG76517171900_s2,0 8
CG87297749720_s5,4 5 17
CG9068207213_s6,1 2 12
CG0739526748_s4,0 1 3
CG50864617384_s6,9 10
CG63432833932_s4,0 3 18 19 20
CG5034170752_s6,1 2 9 12 24
CG3108621608_s5,16
CG15463930223_s5,0 1 5 16 17
CG7562979422_s6,1 2 9 12 24
CG5919703291_s4,0 29
CG7423909117_s6,1 2
CG7192795471_s2,0
CG0051296056_s5,3 4 5 17
CG7084382539_s4,0 3
CG4539875420_s3,0
CG1019536162_s4,0 3 18 19 20
CG9875160530_s2,0 8
CG77186562138_s3,11
CG5981521165_s4,
CG4352498034_s2,0
CG15181993233_s4,0 1
CG0985748728_s5,1 3 4 5 17
CG3653664401_s5,1 3 4 5 17 23
CG2821903320_s6,6 9
CG7251129813_s5,3 4 5
CG0432768681_s6,6 7 10 14 21
CG3265798178_s3,0
CG6510255230_s4,0 1
CG4228335917_s5,0 1 3
CG7312894831_s6,0 2 9 12 24
CG5250464878_s3,0 22 25
CG1014967889_s6,2 6
CG5015149537_s5,0 1
CG9856404792_s5,3 4 5 17
CG2588628005_s6,12 24
CG8309963394_s5,1 3 16
CG8972862051_s3,0
CG67589384620_s4,0 1 3 18 19 20
CG0512685787_s6,12 24
CG3213237816_s6,2
CG9191589650_s2,0 8
CG5992838033_s2,0 8
CG01404328286_s3,0 1
CG33414363383_s6,1 2 12 24
CG0763449387_s6,6 7 14
CG1245840315_s2,11
CG6726469666_s6,10 15 21
CG8178410970_s2,0 8
CG9130688084_s5,17
CG55175761079_s3,0 22 25
CG0931683528_s5,17
CG9570554962_s2,0
CG58561193431_s5,3 17 23
CG43655399219_s5,3 4 5
CG46407486615_s2,11
CG5139166577_s4,0
CG2393972752_s4,1 3
CG26066191386_s4,1
CG5004545862_s5,16
CG4033430375_s6,6
CG88964408045_s6,10 15 21
CG14518208332_s6,9 10 21
CG4289591549_s5,1 16
CG9846261772_s3,
CG9513132924_s4,3 19 20 29
CG7198596737_s5,0 1 3 4 5 17
CG0997247468_s6,10 12 24
CG49874632946_s6,9 10 15 21 28
CG14889213434_s3,1
CG2143499507_s4,3 19
CG00345942577_s5,3 4 5 17
CG8008331531_s6,6 7 14
CG53372534160_s4,1
CG2362250813_s6,2 9 12 24
CG19319657414_s2,8
CG34674176427_s3,0 22 25
CG3041508659_s3,0
CG7022380784_s2,0 8
CG4533794871_s5,0 1 5 16
CG6475801387_s5,3 4 5 17
CG0752870808_s6,2 9 12 24
CG80006489390_s5,3 4 5 17
CG8352323104_s6,2 9 12 24
CG92476165179_s5,0 1 3 4 5
CG04091272772_s3,0 22 25
CG68124499265_s3,0
CG22650624406_s4,1 3 11 19
CG1450516089_s3,0 1
CG7319674736_s6,0 2 9 12 24
CG42887531552_s5,3 16
CG27989467459_s6,2
CG03371695894_s5,4 5 17
CG9339763091_s5,0 1 3 4 5 16 17
CG5361153598_s6,0 2 6 7 9 12 14 24
CG5515911819_s5,13 16
CG53377315277_s6,
CG2285129516_s4,0 1 3
CG6395513448_s6,6 7 10 14 21
CG60760472848_s3,11
CG54212515096_s5,3 4 5 17
CG9443982313_s2,0 8
CG2723684689_s2,1
CG8690489659_s3,0
CG9354823230_s4,0 3 18 19 20
CG04143757260_s5,3 5 16
CG48573223894_s4,0 3
CG16290666824_s5,13 16
CG21148859015_s3,0 1
CG53026821196_s6,
CG82108915814_s5,13 16
CG21165990627_s3,25
CG2314526511_s4,0 3
CG85829240924_s4,1
CG8930678119_s5,1 16
CG4004243545_s2,0 8
CG7777710785_s3,0
CG3728632841_s3,0
CG8369342389_s6,2
CG53953360993_s6,
CG0642672261_s6,6
CG1343547324_s4,0 1
CG3476302542_s3,0 22 25
CG60610747617_s5,0 3 5 16 17
CG7598834118_s6,10 15 21 28
CG6259995892_s3,0 1
CG8624928383_s2,0 1
CG9726988246_s4,0 3 11 19
CG46419580770_s5,17
CG0352777918_s2,0 8
CG9208461885_s3,11 22 25
CG0628774923_s5,0 1 3
CG9124724382_s3,1
CG5314959089_s6,6 7 14
CG8749450320_s5,1 3 4 5 17
CG3402353838_s2,8
CG6347451411_s6,2
CG3275274153_s4,
CG5946927360_s2,0 8
CG1010825712_s5,3 5 13 16 17
CG3952950312_s4,0 3 19 20
CG71940497265_s6,11
CG00475819355_s5,11
CG8281385449_s3,11
CG0707965769_s2,11
CG49671178129_s6,2
CG3929727782_s2,0 8
CG3377823628_s4,0 1
CG4675292536_s5,0 1 5 13 16
CG4789210660_s4,0
CG4350952090_s4,0 3
CG3844508989_s3,0 1
CG4883780911_s5,13 16
CG52725920839_s3,0 1 22 25
CG0465336936_s2,0 8
CG1816480718_s6,2 6
CG5039876160_s2,0 8
CG22649760393_s3,0 1
CG9436364560_s2,0 8
CG05046433148_s6,0 1 6
CG8368607530_s4,0
CG4302370623_s4,0
CG93649325104_s3,0 1
CG8972552198_s2,0 8
CG42129648939_s6,0 10 15 21
CG9853593070_s5,13 16
CG6186491007_s3,0 22 25
CG04850809277_s3,0 22 25
CG90611163864_s6,0 1
CG5452862855_s4,0 3
CG2002359664_s6,0 1 2 9 10 11 12 15 21 28
CG4593349514_s6,6 10 14 15 21
CG40927504757_s2,0 8
CG90608397539_s3,1
CG80451236906_s2,0 8
CG80957648330_s3,0 22 25
CG9661228008_s2,0 8
CG4448729950_s6,6 7 14
CG9011619886_s6,1 2 6 7
CG5378267337_s3,0 11
CG8755204046_s6,9 10 15 21 28
CG44448748684_s4,1
CG33208175548_s6,2 9 12 24
CG5426879292_s5,1 3 11 17 23 27
CG6986146627_s4,0 1 3 19
CG37855471746_s2,0 1
CG67823344017_s6,10 15 21
CG02207244449_s4,0
CG6496670487_s3,0 22 25
CG81150668182_s2,0 8
CG5219342534_s3,0 22 25
CG0651311275_s2,0 8
CG0698296182_s5,0 1 5 13 16
CG0989739570_s6,2 12 24
CG04820866933_s6,2 11
CG4185223114_s5,0 1 3 4 5 17
CG6773918861_s6,0 2 6 7 12 14
CG5580240401_s3,0
CG82255354705_s2,0 1
CG9510316424_s2,0 1 8
CG0152338602_s6,0 12 24
CG46364831156_s6,2 6 9 10 15 21 28
CG0431367746_s6,1 2 9 12 24
CG8822498567_s6,0
CG63434495736_s6,1 2 12
CG0018614765_s4,0 1 3 19
CG56611148327_s5,
CG0906730321_s6,0 1 2 6 7 14
CG3310922019_s3,0 1
CG6740801051_s2,1
CG32016250998_s5,1 3 5 13 16 17
CG2068700073_s2,0 8
CG3188823332_s2,0 8
CG5404615577_s2,0 8
CG0765552367_s6,6 7 14
CG4421938372_s3,1
CG44411388607_s3,22 25
CG0793141060_s4,3 19
CG5390509766_s6,0 1 2 6 7 12 14
CG4408618022_s4,0 1
CG25727174875_s5,0 1 3 4 5 17
CG5846967241_s2,0 8
CG66885537319_s6,10 21
CG7527250253_s3,0
CG7867200240_s5,0 13 16
CG6292646775_s4,
CG24154132577_s5,16 17
CG9012945837_s5,1 3 5 16 17
CG9554348868_s3,0 1 11
CG8935255448_s3,0
CG03569742008_s2,8
CG33328120850_s5,0 16
CG10013724576_s5,17 23
CG1630176931_s6,0 1 2 9 12 24
CG3978825387_s2,0 8
CG0305390743_s6,21
CG29990679522_s6,2
CG28294722118_s6,12 24
CG8445723493_s3,0 1
CG7896543195_s6,2
CG69399770084_s5,3
CG9604580854_s2,0 8
CG60453857129_s3,11
CG7046701573_s6,0 1 2 6 12
LD82567368010_s5,3 11 23
CG7210622856_s4,0 1 3
CG44950737752_s4,0 3
CG2172824205_s2,0 11
CG52055800152_s6,11
CG77579132971_s3,0 22 25
CG2646541241_s5,1 5 17
CG5464845293_s5,0 1 3 5 16
CG09796717522_s3,11
CG3692163275_s6,0 1 2 6 7 9 12 24
CG5463967176_s2,0 8
CG1010285620_s5,1 5 13 16
CG5256496963_s6,6
CG30000610612_s5,3 13 16 17 23
CG5954611402_s2,0 8
CG2504588900_s6,6 7 14
CG75324938425_s3,0 22 25
CG47420342308_s4,3 19
CG10330898412_s2,0 8
CG4839758070_s6,9 10 15 21 28
CG6808476223_s2,0 8
CG2015644766_s2,0 1
CG5556516322_s2,0 8
CG97495153411_s6,2 6
CG59130448743_s5,5 11 17
CG03312691498_s5,1 3 4 5 17
CG4093239136_s5,3 4 5 17
CG36522105384_s5,11
CG22393298299_s5,
CG96194761017_s5,13 16
CG5036849902_s5,5 13 16
CG29694748244_s5,3 16
CG5798600253_s3,0 1
CG29722342429_s6,0 1 2 6 7 9
CG62219216911_s5,0 1 3 17 23
CG3849234369_s5,1 3 5 13 16
CG9576784150_s3,0
CG4144491012_s2,0
CG4741172858_s6,9 10 15 21 28
CG28507761105_s6,0 1 2 6 7 9 12
CG33054448309_s6,6 7 10 14 21
CG16183612149_s4,11
CG61786447781_s5,4 5 13 16 17
CG8888743282_s2,0 8
CG37485296408_s6,10 12 21 24
CG45511870534_s6,6 7 14
CG6914948647_s6,6 7 14
CG63012993513_s4,3 11 18 19 20
CG4226946016_s4,0 29
CG47432582313_s6,9 10 15 21 28
CG09693968549_s5,1 3 4 5 17
CG11063287177_s5,4 5 17
CG57955589563_s6,10 15 21
CG01570467878_s6,1 6
CG95021866823_s6,10 15 21
CG0711866138_s6,6 7 14
CG2222790304_s6,0 1 2 9 12 24
CG3029836830_s2,0 8
CG1260223905_s5,0 1 3 4 5 17
CG77044293848_s3,1 11
CG1556340742_s2,0 8
CG3179535854_s3,0 22 25
CG3544398889_s6,0 1 2 6 12
CG54093992654_s4,0 1
CG5900772802_s6,10 15 21 28
CG53735627144_s4,
CG75380868205_s4,3 11 18 19 20 27
CG3510529780_s5,
CG2188507955_s2,0 8
CG4896300316_s4,0 1
CG49703195889_s4,
CG91265640702_s6,10 15 21
CG0449226421_s6,9 12 24 28
CG9203521930_s4,1 3
CG8473831139_s3,1
CG2027540574_s4,0
CG0733489187_s3,0 1
CG4359474884_s2,8
CG03097339640_s2,0 1
CG7935858981_s5,3 4 5 17
CG19629398622_s2,8 11
CG68119253413_s6,0 6 7 14
CG5949430037_s5,4 5 17
CG9816813957_s6,
CG99943731574_s3,0 22 25
CG22446319109_s2,0 8
CG18400723108_s4,0 1
CG3144433848_s4,3 29
CG79425937709_s6,6 7 14
CG4077692998_s3,0 1 22 25
CG8146857499_s6,0 1 2 12
CG6046946109_s5,3 4 5 11
CG0461306811_s2,0 8
CG6740966620_s5,11
CG2449390142_s6,2 12 24
CG7412965160_s2,0 1
CG71995651247_s6,10 15 21 28
CG4266983370_s3,0 25
CG13979385575_s3,0
CG2742172801_s4,23
CG6105630353_s4,0 3 18 19 20
CG1691592706_s6,2 12
CG8131501188_s4,3 11 18 19 20
CG0681770606_s4,11
CG52884611822_s5,4 5 17
CG69344934841_s6,10 15 21
CG80790604403_s5,1 3 17 23
CG62541364615_s6,6 7 14
CG9367501218_s4,0 1
CG0552818280_s4,0 1 3
CG0546858930_s5,13 16
CG53691104952_s3,0 1
CG4832554099_s6,10 15 21
CG97235160324_s3,0 22 25
CG70183733363_s2,11
CG2059809122_s6,6 7 14
CG2497443203_s4,1 3 18
CG4334644060_s4,3 18 20 23
CG0520582160_s6,0 1
CG3620643399_s3,22 25
CG9960441372_s6,2 12
CG7948517071_s5,11
CG9063199390_s5,1 13 16
CG7070632587_s2,0 8
CG7332665287_s2,0 8
CG88909848574_s6,9 10 15 21 28
CG7639837145_s6,12 24
CG7318120409_s2,0 8
CG30604161401_s2,0 8
CG56028115865_s2,0 8
CG4101555919_s4,0 1 3
CG3688941857_s5,11
CG93547278662_s2,0 1
CG2717697718_s3,0 1
CG0200581783_s5,0 4 5 13 16 17
CG4913774910_s2,0 8
CG7793887873_s4,3 18 19 20
CG9066201325_s5,17
CG3218128985_s5,3 4 5 17
CG8609982513_s6,1 2 9 12 24
CG9867650190_s2,0 8
CG4568524615_s3,1
CG7040286618_s6,2 6 7 14
CG86082643785_s6,2
CG95317959819_s4,1
CG3129147136_s6,2 6 11
CG6998130567_s6,0 2 6 7 9 12 24 28
CG1504520969_s6,2 9 12 24
CG07612929321_s5,16 17
CG5254300569_s2,0 8
CG94149112642_s3,0 1
CG5839872449_s6,0 2 6 7 12 24
CG88937371958_s2,0 8
CG6019150352_s3,0 22 25 26
CG7307778532_s5,1 3 11
CG1316338941_s2,1 8
CG77630705988_s6,12 24
CG42145261008_s6,9
CG68665675401_s6,0 1 2 6 7 12 14
CG59504350630_s2,0 1 8
CG2661658819_s5,1 3 4 5
CG45577756242_s4,0 1 3
CG9178607402_s4,0 3 18 19 20
CG3011335491_s4,1 3 18 19 20
CG4453726183_s6,6 7 14
CG0846576906_s2,0 8
CG1370463330_s5,1 3 4 5 17
CG1303514502_s6,10 21
CG07778866483_s6,12 24
CG14101259645_s6,9 10 15 21 28
CG31185322709_s6,12 24
CG11063304572_s6,12 24
CG6925792601_s3,0 1
CG1931430570_s5,1 13 16
CG2305207777_s2,0 8
CG0258839067_s3,0 1 22 25
CG09949967259_s6,
CG8879456314_s2,0 8
CG9318835837_s3,0
CG7953749021_s3,0
CG52298828042_s4,23 29
CG3767514156_s4,3 11 18 19 20 27
CG2171279936_s2,0 8
CG72015327323_s5,0 16
CG49125706869_s4,3
CG99692469055_s4,0 1
CG8600888821_s3,0 1
CG5536398727_s5,13 16
CG5393311125_s3,0
CG4455280845_s5,0 1
CG3354415027_s5,0 3 5
CG5872264261_s2,0 8
CG7740219456_s2,0 8
CG11139307272_s6,10 15 21
CG02798239533_s2,0 8
CG67924438512_s6,0 2 6 7 12 14
CG12518995298_s3,0
CG96257456102_s4,
CG9181667681_s5,3 4 5 16
CG86089510784_s2,0 8
CG26137281796_s2,0
CG6902950718_s4,0 1
CG5511607821_s3,
CG24654109857_s5,0 1 3 4 5 17
CG86368619710_s6,2 12 24
CG1120652773_s2,8
CG00268987760_s6,1 2 9 12 24
CG44180980019_s5,11
CG4426274960_s6,11
CG03669861735_s2,0 8
CG2593930651_s6,6 7 14
CG7410134262_s5,0 1 3 4 5 17
CG5357773330_s3,0 22 25
CG3323616688_s6,1 2 9 12 24
CG2866252122_s6,1 2 9
CG3214929134_s2,0 8
CG5811470755_s3,0
CG9294548036_s5,11
CG26135995394_s6,0 2 6 7 12 14
CG06936242365_s6,9 10 15 21 28
CG7789757939_s5,13 16
CG22091487615_s6,2
CG61464886536_s4,0 1 3 18 19 20
CG7528903699_s4,0
CG6827702348_s6,2 6
CG6663616591_s4,0 3 18 19 20
CG50007434230_s4,3
CG0727969090_s6,2 12
CG0914260204_s4,3 23 29
CG56799982155_s2,0 8
CG8420102781_s5,1
CG7369502186_s6,9 10 12 15 21
CG6474825939_s5,1 5 13 16
CG30461222360_s3,0 22 25
CG19509903504_s3,11
CG3283783143_s5,5 13 16
CG70323287980_s3,1 11 26
CG9584829859_s3,1
CG7884908474_s2,8 11
CG78122387490_s3,0 22 25
CG15256377361_s6,2 10 15 21
CG21627328576_s5,0 3 4 5 17 23
CG9806494273_s3,0
CG06076990588_s4,3 18 19 20
CG38787369510_s3,0 1
CG27076136052_s2,8
CG7843350559_s4,1 3 19
CG9062717395_s6,2 9 12 24
CG65572149371_s4,0 1
CG21212827048_s6,10 21
CG51285239041_s3,0 1 22 25
CG2225424839_s3,0
CG73290994133_s6,10 21
CG42428294937_s5,0 1 16
CG30243433748_s6,2 9 28
CG3197365002_s2,8
CG0552854424_s6,6 7 14
CG4700270846_s4,0 3
CG1538183081_s3,0 1
CG4148351505_s2,0 8
CG20833698105_s5,0 4 5 16
CG8254773583_s6,9 10 15 21 28
CG78747230529_s5,1 11
CG8050821148_s6,6 7 10 14 21
CG44467730636_s6,10 15 21
CG15113993237_s3,11
CG9598713835_s6,6 7 14
CG8485289550_s6,2 6
CG0646872715_s4,0 3
CG4213348474_s3,1 11
CG4516929632_s2,0 8
CG3755942499_s2,0 8
CG2560817867_s6,12 24
CG5193107876_s4,1 3
CG0677333172_s4,0 3 18 19 20
CG36252758098_s5,11 27
CG96734262627_s5,13 16
CG99188535625_s3,0 22 25
CG1863384577_s6,
CG7467105688_s5,1 4 5 16
CG9958717273_s6,
CG24938737227_s6,9 10 15 21 28
CG7169561567_s4,3 11 19
CG3388604022_s5,1 3 17 23
CG49824890825_s3,1 22 25
CG74254967745_s5,3 17
CG99996181393_s2,1
CG62138967604_s6,0 2 6 7 12 14
CG2555215448_s4,0
CG4417817400_s4,0 1
CG66999162603_s3,0 22 25
CG6979685551_s4,0 1
CG3409304257_s6,2
CG27366419656_s3,0 1
CG44189421146_s3,1 26
CG48865397763_s6,9 10 15 21 28
CG60755781317_s6,2 9
CG87344291876_s6,10 15 21
CG9633294925_s2,0 8
CG9939772996_s6,6 7 14
CG3143155128_s6,1 2 9 12 24
CG92596820478_s4,0 1
CG96614715449_s5,1 3 4 5
CG33154475610_s6,9 10 15 21 28
CG6241280365_s4,0
CG8565630942_s4,3 18
CG9354256021_s5,3 11
CG2644233395_s2,0 1 8
CG45622696265_s6,10 15 21
CG1558883933_s2,0 8
CG5628550835_s5,0 3 4 5 13 16 17
CG5454226884_s2,0 8
CG3311535665_s4,0
CG22080746362_s3,0 1
CG7297102339_s4,1
CG5489273146_s6,6 7 14
CG1697296008_s2,0 8
CG75582690898_s2,0 8
CG61164798116_s6,0 2 6 7 9 12 24
CG4193384053_s5,0 1 3 4 5 17
CG89794628533_s4,0 1
CG0528506528_s4,0 29
CG16004508807_s2,8
CG0182829983_s3,0
CG72977729815_s5,4 5
CG8591399055_s2,0
CG12400189125_s5,0 4 5 13 16 17
CG15093496754_s6,2 6
CG05323943883_s6,10 15 21
CG9223950487_s6,6 7 14
CG1688712679_s5,0 1 16
CG9381386890_s3,1
CG84376639880_s4,0 29
CG8024773089_s2,
CG11904161145_s5,3 4 5 17
CG2893902529_s5,0 1 3 4 5
CG8210983376_s5,11
CG8916608302_s5,0 3 4 5 17
CG64582219044_s3,0 22 25 26
CG9197805564_s3,0 1
CG68213311014_s6,10 15 21
CG3489998268_s3,0 22 25 26
CG9600992584_s4,0
CG2100503284_s2,0 8
CG2959867519_s4,3 29
CG8219945087_s3,0 1
CG30597133510_s5,0 1 3 4 5 16 17
CG58268203662_s6,6 7 14
CG2174691921_s3,0 22 25
CG32009376640_s4,
CG02971139364_s5,13 16
CG7715111685_s4,0 1
CG4865626254_s3,0 1
CG8589308027_s5,1 3 13 16
CG4699307118_s6,2 9 12 24
CG2649356666_s2,1 8
CG0724994551_s2,0 8
CG7694295422_s6,6 7 14
CG73368273041_s6,6 7 14
CG50751713417_s5,3 16
CG3927159472_s2,0 8
CG1376130159_s5,0 3 4 5 13 16 17
CG92777508417_s5,11 17
CG06126185713_s2,0 8
CG04755429988_s2,0 8
CG5901759429_s4,0 1 3
CG1670773573_s3,0 22 25 26
CG8341522333_s2,0 8
CG3230848128_s5,11
CG98857886400_s6,0 1 2 9 10 11 12 15 21 28
CG6580408189_s4,0 1 3 18 19 20
CG22044525714_s6,9 10 15 21 28
CG63436614364_s6,10 15
CG4130842745_s5,11
CG8663169499_s2,1 8
CG2684829229_s6,0 2 6 7 9 12 14 24
CG7802460443_s3,0
CG9620205616_s2,0 1 8
CG82253705903_s4,1 11
CG5694769773_s2,0 1
CG4657181044_s6,12 24
CG26288444918_s6,0 1
CG0612880318_s5,0 3 4 5 13 16 17 23
CG44042444456_s2,0 8
CG3373293773_s6,0 1 2 6 7 14
CG3900444293_s2,0 8
CG5344965912_s3,0 1 22
CG0018152424_s2,0 8
CG69041407209_s3,0 25
CG43869386141_s2,0 1 8
CG5147345698_s5,0 3 16 17
CG44966494985_s5,1 16
CG3065154550_s3,0 1 22 25
CG86619103255_s5,11
CG2542498003_s4,0 3
CG5898210833_s6,6
CG6511681820_s6,0 2 6 7 9 12 24
CG9371451192_s6,6 7 14
CG7939926593_s5,0 4 5 13 16
CG6896914614_s6,9
CG86349813218_s3,0 22 25 26
CG9753152253_s3,0 25
CG92843236940_s5,3 4 5 13 16 17 23
CG9702182198_s2,0 8
CG5983621947_s6,2 6 7
CG26386171352_s4,3
CG91848171734_s2,0 8
CG79715915171_s5,3 4 5
CG91201116039_s6,10 15 21
CG63821527117_s3,0 22
CG9230370504_s5,0 3 4 5 13 16 17
CG6882137993_s2,0 1 8
CG3257456340_s6,9 10 15 21 28
CG8413170688_s6,0 2 6 7 9 12 24
CG31832505817_s6,9 10 15 21 28
CG3668200221_s6,2 9 10 12 15 21 28
CG4192365331_s3,1 22 25
CG0497471490_s3,0
CG94617445302_s4,1 3 19
CG0201854651_s3,0 22 25
CG37828449686_s5,0 16
CG4458956351_s3,0 22 25
CG28764330519_s5,1 3 4 5 17
CG9704292197_s5,11
CG4757589388_s4,0 1 3 18 19 20
CG6336800160_s2,0 8
CG86816282573_s6,2 6
CG1105975572_s6,1 2 9 12
CG8512472067_s6,
CG6207858995_s4,3 19
CG6271900493_s6,0 1 2 6 7 14
CG30034886565_s6,6 7
CG95630937228_s6,6 7 14
Dl133216_s5,1 3 13 16 17
CG55522198267_s3,0 22 25
CG34792194226_s4,11
CG1769893039_s6,9
CG6171173629_s5,3 4 5 17
CG3728982217_s4,0 3 18 19 20
CG7011732764_s6,
CG27759240389_s5,0 3 4 5 16 17
CG63565234211_s4,0 1
CG6224131220_s5,4 5 11
CG51516571178_s3,0 1
CG9927234273_s4,0 3 18 19 20
CG31238578181_s2,0 8
CG04657764496_s2,0 8
CG2387282859_s3,0 22 25
CG53295297581_s6,9 10 12 15 21 28
CG39677190481_s6,2 6 9 12 24
CG8053799865_s6,11
CG19212326652_s3,0 1
CG63014239012_s6,6 7 14
CG5783401436_s4,0 3 18 19 20
CG8824948681_s6,2 9 12 24
CG48436917775_s4,0 1
CG5150191978_s6,2 11
CG9654761172_s6,6 7 14
CG3570441448_s3,22 25
CG22561869013_s6,2
CG17657786066_s3,0
CG0509967286_s6,
CG18128995350_s4,1
CG55924502692_s6,6 7 10 14 21
CG44383241093_s6,
CG0668806581_s5,0 1 3 5 17
CG69435489486_s2,0 8
CG09781688648_s6,0 1 2 6
CG7715792940_s2,0 8
CG4765310864_s6,10 15 21
CG0907436848_s6,0 1 2 6 7 14
CG2632901843_s6,2 6 12 24
CG40081262944_s5,0 1 3 4 5 17
CG3462441682_s3,0 22 25
CG6230647812_s5,13 16
CG17108762004_s3,0 22 25
CG66822808815_s6,6 7
CG0309537186_s6,2
CG9127883801_s3,0 22 25
CG51253643212_s5,1 3 17 23
CG4944998438_s2,0 8
CG85421133458_s2,0 8
CG5600637783_s6,6 7 14
CG62131348176_s5,0 16
CG41009505495_s5,3 4 5 11
CG8562244634_s6,6 7 14
CG7188660553_s2,1
CG9890733949_s6,1 2 9 10 28
CG7678708020_s6,12 24
CG09959546342_s6,0 1 6 7 14
CG0227452989_s2,1
CG5556372980_s3,0 22 25 26
CG5574290806_s2,1
CG3865989402_s2,0 8
CG3703900534_s5,11
CG2989408531_s2,0 1 8
CG46537551936_s5,16
CG0640679685_s5,0 1
CG90328386795_s5,3 11
CG83702901784_s6,6 7 10 14 21
CG2033301266_s6,1 12
CG00994998997_s3,0 1 25
CG44644290077_s3,1
CG6009687986_s6,6 7 14
CG02707531241_s3,0 1
CG64682654335_s3,0 1
CG18177966377_s3,0 22 25
CG28502487982_s5,3 16 23
CG9490267197_s6,0 1 2 9 12 24
CG30657270764_s6,
CG57605928321_s5,1 3 4 5 17
CG0787249991_s6,6 7 14
CG92145352843_s3,0
CG2853654000_s6,6 7 10 14 21
CG5262541550_s5,13 16
CG0205384709_s3,0 1 22 25
CG3573911820_s5,11
CG6327390316_s2,0 8
CG0949791887_s2,0
CG70305891972_s6,2
CG39784724024_s2,0 8
CG3112100829_s6,6 7 14
CG1544538720_s2,0 8
CG6072977516_s6,6 7 14
CG8685840808_s4,0 29
CG4108153361_s4,0 1 3 19
CG6207261590_s3,0
CG49814951320_s6,12 24
CG41623615411_s6,2
CG96548633192_s4,
CG4598976818_s3,22
CG5410174583_s2,0 8
CG84638779406_s4,1
CG46837423710_s3,11
CG38099436061_s5,17
CG5507107500_s2,0 8
CG75601709996_s6,2 11
CG4618435221_s6,6 7 14
CG2292566665_s6,1
CG22202376281_s2,8
CG8723189980_s5,0 1 3 4 5
CG0948371609_s3,0 1
CG7372532206_s5,4 5 13 16 17
CG9049779018_s3,0 22 25
CG72237626004_s4,3 11 18 20 27
CG5507717011_s4,0 1
CG11772280975_s6,9 10
CG7907315431_s4,0 1 3 18 19 20
TE70447138882_s4,0 3 29
CG85691654904_s4,0 1
CG3956871722_s6,2
CG49663955131_s6,6 7 14
CG2568936352_s5,16
CG6577993132_s4,0 3 18 19 20
CG3167258821_s5,17
CG9013265447_s6,10 15 21 28
CG2964529165_s5,0 1 3 4 5 17
CG22594554864_s2,8
CG2017272895_s6,0 1
CG1819744726_s5,13 16 17
RH82196259652_s6,
CG3459338820_s2,0 1
CG61371678043_s6,2
CG8255145814_s6,1 2 9 10 15 21 28
CG9934211556_s5,0 3 4 5 17
CG97065785267_s6,0 1 2 6 7 12 14
CG14855497017_s6,9 10 15 21 28
CG6124165061_s2,0 1 8
CG04084841449_s6,10 15 21
CG5373282197_s2,0 1
CG4224267058_s4,0 1
CG0612262189_s6,0 1 2 6
CG5286963804_s5,0 3 5 16 17
CG63478551953_s5,11
CG26170251180_s3,0 1
CG66496228609_s4,3 18 19 20
CG38935212914_s6,0 1 2 6 7 14
CG5576945488_s6,2 9 12
CG3878784973_s3,0 1
CG4750555685_s4,1 29
CG1949573513_s3,0 1
CG22552264106_s2,0 11
CG56341302011_s4,0 3 18 19 20
CG66936545800_s3,0
CG5216384661_s5,0
CG69783791042_s5,0 1 16
CG36307535360_s6,2
CG2266748568_s5,0 3
CG34323571605_s6,9 10 15 21 28
CG5510962388_s6,9 10 15 21 28
CG0239746467_s6,0 2 6 7 12 14 24
CG2176606274_s5,3 4 5 17
CG73358668442_s6,6 7 14
CG5484383949_s5,3 16
CG9873834836_s6,9 10 28
CG4516581422_s6,2 6 7 10 12 15 21 24
CG3502613026_s4,3 23
CG71149207896_s4,0 1
CG4520528811_s6,1 2 12
CG30051360648_s4,0 1 3 11 18 19 20
CG52512143051_s6,10 12 24
CG8831805503_s6,10 15 21
CG30407660230_s3,0 1
CG2966733718_s3,0 1
CG4993494955_s5,3 4 5 17
CG7771941290_s2,0 8
CG2786375673_s6,9 10 15 21 28
CG27640199767_s6,1 2
CG66024327170_s5,16
CG1888565934_s6,2 6 7 12 14 24
CG9544882219_s5,0 1 5 16
CG1150660725_s3,0 1
CG46484377803_s3,11
CG40308355812_s6,9 10 12 15 21 28
CG3973382251_s2,0 8
CG37673709931_s3,1 26
CG4658350215_s6,6 9 10 15 21 28
CG45520939012_s2,0 8
CG0519659080_s2,0 8
CG09618406748_s5,16
CG2215190517_s6,6 7 14
CG10041896082_s5,1 3 4 5 17 23
CG0448936040_s4,3
CG35714392558_s5,1 17
CG53515921768_s2,0 8
CG4713821914_s2,0 8
CG13629517457_s6,2 11
CG5040746358_s2,0 1
CG2169291319_s6,11
CG8008361133_s4,0 3 19 29
CG8608514635_s3,1
CG22184855679_s6,2 11 12
CG8943712554_s6,6 7 10 14 21
CG61835387382_s3,0 1
CG0655364453_s5,1 3 17 23
CG7555778792_s2,8
CG81600298569_s3,0 1
CG7110643607_s6,12 24
CG4113314430_s2,0
CG65219112382_s4,0 3 18 19 20
CG23242238297_s5,0
CG21341844316_s2,0 8
CG0004562651_s6,10
CG7727443808_s6,10
CG99088116868_s4,0 1 3
CG5007440415_s2,0 8
CG6384600941_s6,2 9 12 24
CG49179762509_s5,0 3 4 5 16 17
CG00731333585_s4,0 1
CG3815853978_s4,0 3 18 19 20
CG69573187277_s3,0
CG9638691314_s4,0 1 3 19
CG7870389664_s4,3 18 19 20 23
CG40641973158_s6,2 6 9 12 24
CG00190890281_s6,11
CG35623461309_s6,2 6 7 9 14 21
CG4417793949_s4,3
CG7651179901_s4,0
CG22000856358_s4,0
CG59944946624_s4,3 11 18 19 20
CG1401139744_s6,0 1
CG1302605280_s3,
CG7454686923_s4,0 3
CG09238872433_s6,2
CG5442414164_s3,0
CG4292927215_s6,6 7 14
CG9686949631_s4,0 3 18 19 20
CG20768385825_s6,6 7 14
CG6079682119_s6,1 6 7 14
CG90731254312_s4,0 3 18 19 20
CG5397480968_s3,
CG2711107813_s6,2 12
CG8363170099_s3,0 1
CG4881290934_s4,0 1 3 19
CG2161712661_s5,3 5 16 17
CG9289894879_s4,3 19
CG4789882492_s2,0 8
CG42523818291_s2,0 8
CG66848719428_s6,9 10 15 21
CG48651241529_s6,0 1 6 7 14
CG79185618719_s5,0 3 4 5 17
CG8631324858_s5,3 4 5 16 17
CG0150751952_s5,4 5 16 17
CG0152825145_s2,11
CG0618631137_s3,0 22 25
CG3792821420_s6,2 6 7 12 14
CG83079900097_s4,3
CG70850952443_s5,3 4 5 13 16 17
CG1127743637_s5,0 1 3 4 5 17
CG30011630543_s5,3 16 17 23
CG4631501932_s6,0 2 6 9 12 24
CG81573369383_s2,8 11
CG2526378487_s5,13 16
CG44742657028_s5,11 27
CG94726129701_s6,10 15 21
CG8892837439_s2,0 8
CG1746305431_s6,2 9 12 24
CG89339402836_s5,3 5 16 17
CG8079638396_s3,0 22 25
CG96954673425_s5,0 3 4 5 16 17
CG11541363089_s2,0 8
CG7793515495_s6,1 2 6 7 14
CG3354396224_s2,1 8
CG90624777473_s5,0 3 4 5 16 17
CG8373918486_s5,0 1 3 4 5 17
CG55362924809_s2,0 8
CG95011889647_s6,1 12
CG7309136292_s2,0 8
CG99148131431_s3,0 25
CG5018209495_s3,11
CG00945118566_s6,10 15 21
CG55647717205_s2,0 8
CG10018421067_s6,9 10 15 21 28
CG61324321066_s6,9 10 15 21 28
CG8700517887_s6,2 6 12 24
CG6842951499_s6,6 7 14
CG7987120020_s6,6 7 14
CG7400737751_s2,0 8
CG8450463268_s5,17
CG6284351081_s6,2 9 12 24
CG19754996584_s6,1 2 9 12 24
CG04502732456_s2,0 8
CG5441373304_s6,10 21
CG58192528273_s6,
CG5862791502_s2,0
CG5137384674_s5,1 3 4 5 17
CG21044948196_s6,6 9 14
CG96434116877_s5,0 3 4 5 16 17
CG88149427294_s5,17
CG63709340505_s6,2 10 15 21
CG11332740100_s4,0 1
CG5971758075_s6,1 2
CG3009973688_s4,0
CG65255755026_s4,
CG5742266789_s2,0 8
CG9024521405_s6,2 6 7 12 14 24
CG31763173140_s4,
CG52308266895_s6,2 12
CG71105507271_s4,0 3 29
CG03539478238_s3,0 1
CG0861240622_s3,0 25
CG80491145724_s4,0 1
CG6613246308_s6,1 2 9 12 24
CG92368511336_s6,10 15 21
CG8846546798_s5,1 3 5 16
CG43414657119_s6,6 7 14
CG6629829766_s2,0
CG9301524695_s6,2 11
CG05136186263_s3,0 1
CG17699950035_s2,8
CG2597490362_s4,11
CG4546570576_s2,0
CG5398579771_s4,
CG25799363038_s2,0 8
CG7465663547_s3,0 22 25
CG0341378258_s2,0 8
CG9302302566_s6,0 2 9 12 24
CG8089778075_s2,0 8
CG9481555350_s3,0 1 22 25
CG4607618053_s4,0
CG6007946428_s2,0 1
CG18728434272_s4,0 1 3
CG90974427890_s3,0 1
CG5770878209_s2,0 1
CG36016319310_s2,0
CG60865349710_s3,0 1
CG22002460895_s4,0 3 18 19 20
CG31815500410_s3,22
CG2230605057_s5,0 4 5 13 16 17
CG27796241448_s6,6 7 14
CG9674131002_s6,0 1 2 6 7 14
CG4646423806_s6,12 24
CG43343523644_s6,10 21
CG0687265951_s2,0 8
CG89775496288_s2,0
CG11938378994_s3,22 25
CG3947585854_s5,0 4 5 13 16 17
CG66469780752_s6,2 6 7 14
CG8272401936_s6,0 2 6 7 12 24
CG17889551644_s4,3 18 20
CG9134124011_s2,0 8
CG5232352250_s6,10 15 21
CG3416657123_s4,3
CG6526302705_s4,0
CG6047624455_s2,0 8
CG19054250307_s3,22 25
CG9722394119_s5,3 4 5 16 17
CG8628907700_s3,0
CG77566817409_s6,6 7 14
CG56051995852_s6,10 15 21
CG76873432820_s3,0
CG69034335633_s6,
CG5180118324_s6,2 6
CG69390707062_s5,0 1 3 4 5 17
CG6505636623_s3,0 1
CG6439692762_s5,0 3 4 5 13 16 17
CG4611439516_s5,0 3 4 5 16 17
CG8074132657_s4,3 18 20
CG6427879489_s6,1 2 9 12 24
CG7746795661_s6,6 7 14
CG58272579694_s4,0
CG2023577847_s3,0 25
CG10934490762_s5,3 4 5
CG0241854798_s5,13 16
CG36411208210_s6,6
CG04214553422_s4,29
CG8368845028_s5,3 4 5 17
CG62541766885_s6,0 9 12
CG8744955979_s2,1 8
CG01304903725_s5,17 23
CG44827619021_s4,3 19 20
CG55284504460_s5,0 1
CG3150278609_s3,0 1
CG66333144058_s2,0 8
CG6908856366_s6,2 6 7 14
CG16487996264_s2,8
CG2500915294_s5,3 4 5 17
AT71781158637_s3,0
CG4339422026_s2,0
CG27133275321_s5,0 3 4 5 17 23
CG2801354560_s5,3 4 5 16 17
CG64055562331_s4,0 3 18 19 20
TE31104148775_s6,11 12
CG84549593416_s2,0
CG9326144453_s4,0 3 18 19 20
CG34067228105_s5,17
CG9087698764_s2,0 8
CG68836720860_s4,1 3
CG81963314651_s6,
CG9287750707_s5,13 16 17
CG7350562100_s2,0 8
CG5639808176_s3,0
CG5136558188_s4,0 1 3
CG99111982602_s4,0 3 18 19 20
CG0310794184_s6,6 7 14
CG3194463276_s2,1
CG99822238799_s3,0 1
CG9470322247_s2,0 8
CG8857923202_s4,0
CG73901446031_s6,
CG63578129082_s2,0
CG0881480204_s6,0 1 2 9 12 24
CG37140409311_s4,0 3 18 19 20
CG55065276554_s4,3 18 19 20
CG6044210451_s3,0 22 25
CG8947820453_s6,
CG0071120779_s4,0 3
CG2655657311_s5,1 13 16 17
CG90303300223_s5,0 3 4 5 16 17
CG6762309521_s3,1 26
CG20947782968_s4,0 3 18 19 20 29
CG1301506158_s6,2 12 24
CG9523168612_s6,2
CG8405572197_s5,0 3 4 5 13 16
CG1580285484_s5,0 1 3 5
CG6065320439_s6,11
Dl304845_s4,0
CG96361850080_s5,1 4 5 17
CG99052236072_s6,12 24
CG6424240803_s6,2
CG6037974518_s2,11
CG39404282492_s2,0 8
CG3950327584_s6,6 7 14
CG07997249035_s5,0 3 16 17
CG1818614468_s5,0 3 5 13 16
CG24233687031_s2,8
CG31444348466_s5,13 16
CG3835751445_s6,10 15 21 28
CG6220680446_s5,3 4 5 11 17
CG6170853569_s2,11
CG0553994518_s4,0 3
CG31248769458_s6,0 1 2
CG61077786331_s5,3 4 5
CG2626406857_s5,0 1 3 4 5 17
CG2762299248_s2,0 8
CG81326249455_s5,1 13 16
CR70151219125_s5,5 11
CG0561747636_s6,10 15 21
CG1160997463_s5,4 5 11 17
CG95333221035_s2,0 8
CG7533192355_s6,10 15 21
CG1818467917_s2,0 1
CG7557283519_s5,4 5 17
CG3425755955_s5,0 3 4 5 13 16 17
CG04489442458_s6,6 10 21
CG4268948387_s4,0
CG7239589202_s4,11
CG2959218042_s4,0 1
CG18192677294_s5,0 3 16
CG2897569697_s6,0 6 10 15 21
CG23254739069_s6,12 24
CG7797502308_s3,0
CG07251158448_s4,0 1 3 18 19 20
CG9871552251_s6,12 24
CG85493575186_s6,2 9 12 24
CG6790801883_s6,1 2 9 10
CG3781324515_s5,4 5 11
CG00495920121_s4,23 29
CG8419151749_s6,0 2 9 10 12 15 21
CG5897210912_s2,0 8
CG79834774827_s2,0 8
CG6923594768_s5,0 3 4 5 13 16
CG35862455767_s6,6 7 14
CG42423445759_s6,6 12 24
CG8592102862_s6,1 2 9
CG46317381487_s3,0 1
CG2462194484_s6,2
CG6983505466_s4,0
CG6563224321_s6,0 1 2 9 12
CG58471943649_s4,0 1 3
CG19373645836_s6,2 9 12 24
CG57645218507_s3,22 25
CG5382839038_s2,0 8
CG22934793575_s5,3 4 5 17
CG0032538615_s6,0 2 6 7 9 12 24
CG8459322324_s2,0 8
CG4879678142_s2,0 8
CG85133797763_s6,9 10 15 21 28
CG4276328394_s6,10 15 21 28
CG1254996897_s6,2 6 7 14
CG4392188202_s4,0 3
CG8609915886_s6,2 6
CG89298377087_s5,0 1 5 17
CG9790488753_s6,6 14
CG6850252751_s2,0 8
CG6944408523_s2,
CG95789220326_s2,0
CG57586346047_s3,0
CG6901307364_s4,0 3
CG6590769969_s4,0
CG65509942742_s3,11
CG97764580865_s6,11
CG3350866453_s3,0 1
CG8963279537_s6,10 12 21 24
CG1168230583_s2,0 8
CG0437435546_s5,0 3 4 5 16 17
CG7472142901_s6,6
CG51112700019_s5,5 11 16 17 27
CG1914696316_s6,2 11
CG85091800181_s2,1 8
CG7466247716_s4,0 1 3
CG1602780699_s6,0 1
CG49928397184_s3,0 22 25
CG0606269327_s5,0 1 3 16
CG37205846759_s6,12 24
CG7668715352_s5,1
CG87839670060_s6,11 21
CG8074636031_s5,16
CG94034549255_s5,16 17
CG00254275521_s3,0 22 25
CG92736520537_s6,10 11 21
CG2432798062_s5,4 5 17
CG7471971463_s6,2 6 7 9 14
CG82197329946_s3,0 22 25
CG9047319377_s5,0 1
CG15588425878_s2,0
CG9845107312_s5,3 11 16
CG7333338468_s2,0
CG23373226785_s3,0 25
CG00563839166_s6,2
CG2501708926_s3,0
CG97758360012_s5,0 3 4 5 16 17
CG05999978781_s4,0
CG1361384254_s4,
CG8346303213_s2,0
CG9743125806_s4,11
CG8033710282_s5,0 1 16
CG34826779121_s4,3
CG8051670321_s4,0 3 11
CG12216551068_s5,5 17
CG9362258631_s5,3 5 13 16 17
CG4065985403_s3,1
CG16177497400_s5,3 16
CG8743403510_s3,0 22 25
CG02956154992_s6,0 6 7 12 14
CG43232268864_s5,0 3 5
CG37661643075_s6,10 15 21
CG7029255182_s3,0 22 25
CG57424207610_s3,0
CG6904334229_s3,
CG1320111424_s2,0
CG3523238940_s2,8
CG9493804393_s6,10 21
CG2174511369_s4,3
CG7271888771_s6,10 15 21
CG87419141490_s2,0
CG77289858095_s2,0
CG3326100074_s6,2 12 24
CG73746279648_s5,0 3 4 5 16 17
CG7867126973_s2,0
CG2316168816_s3,0
CG79235320150_s4,0 3
CG3853571445_s6,6 10 21
CG7790633639_s6,6 7 14
CG9604337125_s6,6 7 10 14 21
CG8814934306_s5,0 1 3 5 16 17
CG0005455720_s6,0 1 2 9 12
CG3425325544_s6,10 15 21
CG8156279757_s5,0 3 4 5 16 17
CG66526707527_s6,0 2 6 12 24
CG7011681440_s5,1 3 4 5
TE42823899627_s4,0 3 11
CG78064909529_s4,0 3
CG1997532957_s4,0
CG37561108204_s5,3 4 5 17
CG0080663801_s2,0
CG2046435382_s5,0 3 4 5 16 17
CG36483353605_s2,0
CG20343870080_s6,2
CG32472781309_s5,3 5 11
CG34518599702_s2,0
CG0755420223_s5,0 3 5 11 17
CG60784955332_s5,0 3 5 16 17
CG31771939900_s3,0 1
CG94631159154_s5,16
CG63778761717_s5,11
CG1355304422_s5,3 5 11
CG88206231365_s4,0
CG2787774047_s6,0 2 12
CG92521806954_s6,6 7 14
CG3253494999_s4,3
CG59804570058_s2,0
CG7563381727_s5,0 1 3 5 16 17
CG5954920980_s6,0 2 6 7 14
CG1543171474_s2,0
CG84948165854_s3,11 25
CG3393914624_s3,0 1
CG89516212526_s2,0
CG11562246041_s6,6 7 14
CG78571941068_s3,0
CG5958864661_s2,0 8
CG9665442952_s3,0 22 25
CG5065620309_s4,3 18
CG64631960549_s2,
CG00725532010_s5,13 16
CG16625709229_s2,0
CG4120970357_s2,
CG80765788468_s4,3 19
CG09676266317_s6,6 7 10 12 14 21
CG16080382416_s6,10 21
CG1841768780_s3,0
CG00359302802_s6,11
CG99248723843_s5,3 5 11
CG99491779465_s6,2 9 12
CG5613770937_s4,3
CG8860550509_s6,6
CG33846736991_s6,10 21
CG1300318141_s3,0 22 25
CG3649200425_s4,3 19
CG9115193836_s6,6 11
CG26909770084_s5,16 17
CG35728568018_s5,
CG14629673901_s5,0 17
CG8311211963_s2,0 1
CG24032383401_s6,6 10 15 21
CG6405851721_s5,13 16
CG1752133933_s2,8
CG6047298676_s6,12 24
CG84301275595_s2,0
CG2262632630_s6,6 7 14
